YearsExperience,EducationLevel,Salary
17.2,PhD,66737
9.2,Master,79258
18.6,PhD,70347
12.2,Bachelor,111435
13.0,Master,94595
17.1,Master,94970
6.6,Bachelor,61065
7.7,Bachelor,69080
18.2,Bachelor,45629
18.1,Bachelor,48057
19.6,Bachelor,59903
18.1,Bachelor,61601
,PhD,85466
16.7,Master,120000
8.8,Master,47981
,Master,117088
10.0,,56332
11.5,PhD,103370
11.1,PhD,101442
7.1,Master,107789
2.4,Bachelor,46453
18.0,Master,65295
16.3,Bachelor,53098
3.7,Master,68583
15.8,Bachelor,107762
12.9,Bachelor,105204
8.8,,89426
5.8,Master,87175
,Master,111080
14.3,PhD,79042
11.4,Bachelor,43992
12.6,Bachelor,119037
2.7,Bachelor,55866
10.0,Master,46970
4.7,PhD,45534
5.0,Master,87546
13.6,Bachelor,101405
,Bachelor,67792
8.7,PhD,100166
4.9,Master,104690
13.3,Master,116327
,Master,93112
,PhD,113633
17.5,Bachelor,103842
11.2,PhD,68084
15.3,PhD,73590
3.7,Bachelor,77757
7.6,PhD,43123
8.4,Bachelor,63685
10.7,Bachelor,84616
18.7,,61167
17.6,,49693
3.6,Bachelor,76833
4.3,PhD,99002
,PhD,116039
6.5,Bachelor,83299
12.7,PhD,95794
18.2,PhD,80291
19.3,PhD,70135
13.4,PhD,53671
16.9,Bachelor,108480
11.0,Bachelor,83581
5.0,PhD,102559
11.0,PhD,102728
,Master,65720
15.1,Bachelor,83717
5.2,Master,74322
8.0,Bachelor,85324
7.9,Master,81416
19.2,Master,120000
,PhD,107310
15.3,Master,113702
15.3,PhD,53669
6.0,PhD,54999
11.9,PhD,55380
18.0,Master,56682
10.0,Bachelor,80866
19.0,Master,94961
5.1,Bachelor,72202
2.4,Bachelor,120000
17.9,PhD,120000
17.1,,59348
19.9,Bachelor,120000
13.9,Bachelor,83945
18.8,Bachelor,77913
16.7,PhD,109930
17.0,Bachelor,49159
11.8,Bachelor,111637
8.3,PhD,92870
18.8,,113810
9.2,PhD,120000
11.2,,87960
9.5,PhD,50795
11.7,Master,53191
,Bachelor,66832
1.9,PhD,43434
17.8,Master,112700
,PhD,74296
12.2,Bachelor,120000
,Bachelor,91771
1.1,Master,60223
5.7,Bachelor,76257
14.4,Bachelor,76028
2.9,PhD,77626
18.3,Master,90548
5.1,Bachelor,40000
4.9,PhD,96339
4.4,PhD,81093
1.3,Master,101467
15.7,Bachelor,105875
17.6,Bachelor,51577
12.7,Bachelor,48118
4.6,PhD,100977
6.4,Bachelor,116154
10.0,Bachelor,80534
19.1,PhD,76483
5.7,Bachelor,54361
14.9,Master,75616
9.3,Master,81714
,PhD,91572
9.7,PhD,92401
2.4,Bachelor,56657
16.2,PhD,49715
5.6,PhD,75185
14.8,Master,120000
2.3,PhD,86694
,Bachelor,116896
,Master,80141
17.8,Master,68701
16.4,Bachelor,52939
19.4,Bachelor,101450
,Master,81498
14.8,Master,86006
,Bachelor,98075
4.5,Master,102977
9.4,Bachelor,48309
4.1,Bachelor,105919
19.7,Bachelor,93484
2.8,Bachelor,76604
12.2,Bachelor,87683
,,94698
11.2,PhD,58968
13.6,Master,78235
3.2,,59935
11.5,Master,78660
6.5,Bachelor,51244
18.9,PhD,55375
15.5,Bachelor,64735
19.5,PhD,75758
1.7,Master,113030
6.4,PhD,66520
4.7,Master,77306
1.2,Bachelor,71965
5.6,PhD,105910
13.9,Bachelor,56635
5.4,Master,54954
10.7,Master,68149
17.9,Master,114981
14.2,Master,85921
8.5,PhD,58156
8.1,Master,63703
9.7,PhD,58962
4.4,Bachelor,51496
13.0,Bachelor,101720
7.9,PhD,79450
17.2,PhD,99817
15.4,Bachelor,67788
12.6,Bachelor,94780
7.9,PhD,65015
5.0,Bachelor,69736
15.7,Master,100603
10.2,PhD,55082
5.3,Master,82566
4.7,Master,117013
4.1,Master,47469
15.8,PhD,117518
5.4,Bachelor,47221
,PhD,73957
9.6,Bachelor,96530
,Master,89882
17.7,Bachelor,52384
,PhD,117255
9.6,PhD,120000
1.3,Bachelor,51210
9.1,Master,110104
12.5,Master,85676
11.6,,118108
13.4,PhD,54876
3.9,PhD,107985
13.3,Master,49626
4.5,Master,100793
15.3,Master,92991
7.4,Master,58911
14.5,Master,59367
1.9,Bachelor,111262
8.7,PhD,84416
14.4,Bachelor,66541
5.3,Master,77778
16.1,PhD,108634
,Master,67170
12.2,Bachelor,53538
7.7,PhD,115738
10.2,Bachelor,66613
12.3,Bachelor,61122
10.0,Master,71894
14.3,Master,120000
,Bachelor,57902
4.8,Bachelor,92813
5.1,Master,111048
1.1,Bachelor,45675
6.7,Bachelor,104042
15.2,Master,76192
16.1,Master,101244
,Bachelor,78501
19.2,Master,106608
10.5,Bachelor,69663
18.4,Master,47212
14.4,Bachelor,117027
14.7,Master,40000
2.6,PhD,110068
5.2,Bachelor,56986
1.2,Master,71737
14.6,Bachelor,106295
7.5,PhD,67941
15.9,Master,118685
7.4,Bachelor,88604
16.6,PhD,72504
3.5,Master,92003
4.3,PhD,77617
7.5,Master,71296
8.8,Master,99976
7.6,PhD,67569
,Bachelor,60656
2.8,PhD,113466
7.7,,107437
16.9,Bachelor,88829
2.3,PhD,88159
18.9,Bachelor,96964
19.7,Bachelor,82256
2.7,Bachelor,71921
,Bachelor,114857
8.1,Master,53170
15.8,PhD,102725
12.3,PhD,117402
13.2,Bachelor,95104
15.4,PhD,120000
3.2,PhD,66213
16.8,Bachelor,61990
14.4,PhD,120000
12.0,PhD,81435
17.9,Master,102994
14.3,Master,61769
4.8,Bachelor,103410
9.2,Master,82247
10.4,PhD,55621
2.0,Bachelor,77323
19.1,Bachelor,106910
3.4,Bachelor,40000
14.3,Bachelor,97587
10.6,PhD,90429
1.5,Master,51105
18.6,Master,105286
17.2,Master,72731
,PhD,64513
,PhD,80474
,PhD,100040
7.9,,117040
5.9,Bachelor,58313
10.6,Bachelor,76815
19.4,Master,47899
,PhD,104866
17.9,PhD,84290
13.4,PhD,110266
10.0,Master,67907
17.2,Bachelor,104042
10.0,PhD,90989
17.5,Bachelor,116960
6.5,PhD,44828
3.4,Bachelor,82256
17.3,Master,112870
12.2,Bachelor,88802
17.9,PhD,52708
18.8,Master,120000
2.0,PhD,71420
10.5,PhD,62430
8.1,Master,77177
,Bachelor,82318
,PhD,113087
6.3,Bachelor,76688
11.6,Bachelor,73891
14.5,PhD,100810
3.6,Bachelor,67249
16.5,,120000
12.5,Bachelor,119448
19.0,Master,84146
7.5,Bachelor,40000
3.1,Master,110765
10.6,Master,53316
2.6,Bachelor,65745
19.4,PhD,55009
1.7,PhD,48701
15.3,PhD,113630
11.0,,95568
8.0,PhD,120000
2.3,PhD,55294
12.8,Bachelor,82016
12.1,PhD,120000
6.3,Bachelor,108609
18.3,PhD,105802
6.8,Bachelor,61107
9.5,Bachelor,101405
11.3,Bachelor,75452
2.9,Bachelor,77045
18.7,Master,88245
8.1,Bachelor,89811
2.5,Master,87555
8.4,Master,97379
12.4,PhD,43526
10.8,,84239
14.2,Master,99809
2.1,,63969
6.4,PhD,72146
16.6,Bachelor,55966
2.5,Bachelor,72774
17.3,PhD,120000
2.7,,67102
16.9,Master,92944
7.9,Bachelor,107194
12.6,Bachelor,48200
3.9,Bachelor,120000
2.3,Bachelor,72444
5.1,Bachelor,111024
3.4,PhD,43887
6.9,Bachelor,52441
10.8,PhD,68386
12.2,Bachelor,74683
16.0,Master,109561
13.5,PhD,48315
,Master,99366
8.8,Bachelor,53896
10.0,PhD,107377
8.9,,109950
,,87666
5.4,Bachelor,44271
1.1,Master,87672
13.4,PhD,66526
4.8,PhD,67063
17.9,Bachelor,98135
17.3,Master,120000
2.5,Bachelor,108143
3.0,Bachelor,87047
10.4,PhD,95379
12.6,Bachelor,120000
6.2,Master,87476
14.6,PhD,80055
,PhD,120000
7.2,Master,68004
1.5,Master,53000
15.3,Master,97148
5.1,Bachelor,47414
16.9,PhD,81386
9.0,PhD,74076
12.0,PhD,85930
17.6,PhD,120000
17.4,PhD,72074
8.1,Bachelor,68887
5.0,Master,55599
15.7,PhD,95691
9.2,Bachelor,115461
4.6,Master,83655
18.2,Master,57315
4.8,Master,98488
1.5,Bachelor,81646
1.4,Master,54610
12.8,Bachelor,72931
,PhD,82873
,PhD,120000
7.1,Master,108345
7.5,Bachelor,98458
13.9,Bachelor,115778
2.1,PhD,90755
18.7,Bachelor,110674
5.2,Bachelor,54274
20.0,Bachelor,84124
4.3,Bachelor,98417
15.7,PhD,85893
5.2,PhD,58291
2.5,PhD,75915
17.6,Bachelor,83897
17.3,PhD,78558
8.7,PhD,68626
14.3,,85999
11.6,Bachelor,104512
17.2,PhD,103314
7.0,Bachelor,107855
10.9,Bachelor,112122
10.2,Master,88124
7.7,PhD,66415
17.9,PhD,52754
4.2,,106882
3.8,PhD,51060
12.0,PhD,99182
13.5,PhD,82811
4.7,Master,117357
,Bachelor,69078
19.0,PhD,103515
5.7,PhD,62429
13.7,Master,70734
15.1,PhD,97279
9.5,Bachelor,120000
18.8,PhD,94674
,,113725
9.7,Bachelor,91174
11.8,Master,110121
14.2,Bachelor,85587
12.3,PhD,84110
17.7,Master,55664
7.8,Master,118231
6.7,Bachelor,120000
5.1,Bachelor,98159
1.7,PhD,67737
1.8,Master,58072
17.5,PhD,120000
13.9,Master,46511
13.6,PhD,119343
12.7,Master,73815
,Master,86498
10.1,Master,113690
17.5,PhD,63530
7.8,PhD,77763
18.6,,120000
14.3,PhD,102612
,Master,118711
11.7,PhD,107673
,Master,40000
3.6,Bachelor,58676
12.2,Master,79549
7.0,Master,78137
2.0,Master,78602
19.0,PhD,110258
13.2,Master,42194
17.7,Master,100381
,PhD,43942
7.8,PhD,54323
10.7,Master,80152
13.8,Master,120000
19.2,Master,56634
5.8,PhD,87592
17.6,,100286
18.6,Master,64887
,Master,91731
18.7,PhD,120000
8.6,Bachelor,93420
19.1,Bachelor,61227
14.4,,93616
1.8,Master,85709
18.2,PhD,55820
10.2,PhD,53450
9.7,PhD,58497
,Master,52950
,Bachelor,61590
9.9,PhD,79103
16.8,Bachelor,81585
1.3,Master,116727
6.2,PhD,92954
1.0,PhD,112444
8.9,Bachelor,85294
14.8,Bachelor,51601
,Master,78638
19.0,Master,103458
12.6,PhD,58319
,Master,49894
18.6,,71245
15.7,PhD,82918
11.9,Bachelor,66924
,PhD,67447
18.6,Master,64339
14.5,Master,101136
8.0,PhD,74829
14.5,Master,98652
1.8,Bachelor,88773
8.3,Master,90955
8.7,Master,53839
4.2,Bachelor,85482
1.4,Master,40000
3.5,Master,75540
13.4,Bachelor,93276
16.2,PhD,56820
19.8,Bachelor,72244
7.6,Master,59575
,Bachelor,60219
18.8,PhD,76811
4.2,Bachelor,120000
,Master,80178
15.3,Bachelor,78377
,Bachelor,86548
17.4,Master,99167
16.4,Master,119498
1.6,Bachelor,116983
2.7,Bachelor,103091
1.9,Bachelor,115198
7.4,Master,55201
10.7,Bachelor,94670
11.1,Bachelor,108434
6.1,Bachelor,93973
18.3,PhD,120000
8.0,PhD,49679
1.9,PhD,83499
6.7,Bachelor,118824
11.1,Bachelor,66339
8.8,PhD,112530
,Bachelor,40000
3.5,Master,100672
16.6,Master,120000
19.9,Master,80032
7.3,PhD,48753
8.3,Master,41371
12.7,Bachelor,120000
14.7,Bachelor,106992
8.4,,54930
,Bachelor,43162
11.6,Master,104474
9.6,Master,112456
13.3,Bachelor,43613
19.1,Bachelor,71545
16.1,PhD,103576
1.8,PhD,81232
7.3,PhD,114661
9.9,Bachelor,82685
7.0,PhD,104838
,PhD,89812
16.7,Bachelor,120000
,PhD,80202
19.8,PhD,70737
6.2,Bachelor,70326
17.6,Master,101426
15.6,Master,90546
,Bachelor,74715
14.9,Master,87699
3.0,Master,43187
16.0,PhD,49441
11.1,PhD,70410
,Master,89678
13.5,Bachelor,101917
13.2,Bachelor,115448
5.0,Master,120000
1.6,Bachelor,74183
9.2,PhD,106670
11.8,PhD,48394
17.7,Bachelor,47405
18.6,PhD,57883
11.0,PhD,88074
15.3,Master,67087
,Master,76890
15.2,Master,90439
4.9,Master,65033
8.1,Bachelor,92530
13.1,Bachelor,84166
1.3,Master,55573
14.7,Bachelor,40000
16.9,Master,61750
8.6,PhD,51873
9.5,Master,89341
17.2,Bachelor,109743
15.7,Bachelor,81382
6.5,PhD,83049
7.2,Master,112999
13.9,Bachelor,61656
11.7,Bachelor,50569
4.1,PhD,88108
6.9,PhD,96892
18.1,,96700
,PhD,96583
19.7,Bachelor,46877
15.6,PhD,85695
18.9,Master,60750
5.1,Master,105088
15.7,Bachelor,116590
,PhD,68281
,Master,56028
9.9,PhD,69382
7.6,PhD,50481
17.4,Master,65175
17.2,Master,85348
1.4,Bachelor,120000
,Bachelor,69725
8.0,Bachelor,54800
8.9,PhD,53783
16.8,PhD,52653
6.9,PhD,54742
18.9,PhD,114653
4.4,Master,44118
13.6,PhD,118127
13.8,Master,84896
5.8,PhD,90834
7.2,Bachelor,61611
16.9,Bachelor,105056
15.5,PhD,78161
7.3,Master,68037
,Bachelor,62499
2.2,Master,113404
5.0,Bachelor,64455
10.2,PhD,84864
2.6,Bachelor,68603
17.0,PhD,51965
14.6,Master,63041
18.9,PhD,64866
14.2,Bachelor,96404
,Bachelor,78408
11.5,PhD,105245
12.4,Bachelor,96107
19.6,PhD,68272
13.2,Master,92728
1.6,Bachelor,103764
14.8,PhD,101259
18.2,Master,90525
16.1,,112005
12.1,Master,48184
,Bachelor,107299
19.8,PhD,70126
2.7,Bachelor,88125
13.7,Master,66710
6.4,Bachelor,113091
13.2,PhD,77232
12.5,Master,88803
3.9,,109555
4.9,PhD,117877
12.8,Bachelor,98526
3.4,PhD,57743
6.0,Master,104622
16.9,Master,112377
7.2,Master,98973
10.3,Master,120000
18.9,Master,67454
,Bachelor,57663
8.4,PhD,80024
12.5,Master,104749
15.4,,76100
18.1,Master,93634
18.4,Master,76138
15.8,PhD,97819
5.3,Bachelor,105486
1.5,Master,59063
8.3,Master,101905
3.7,Bachelor,105251
14.5,PhD,96416
13.6,PhD,77057
1.8,Bachelor,40000
16.9,PhD,114132
,PhD,70674
9.2,Master,66137
13.7,Bachelor,63882
9.2,Bachelor,84925
9.4,Bachelor,102507
2.2,Bachelor,97177
8.6,Bachelor,78836
15.5,Master,100622
18.4,Master,110654
8.9,Bachelor,71871
9.0,Bachelor,49637
,PhD,120000
18.9,Bachelor,94218
6.1,Bachelor,105630
9.4,PhD,46138
16.1,Bachelor,110019
12.6,,87728
,PhD,109876
12.9,PhD,120000
4.5,PhD,118604
10.7,PhD,118952
11.1,Master,44528
,PhD,120000
9.8,Master,47724
6.3,Bachelor,111266
5.4,,67177
17.6,Master,91976
4.2,PhD,61094
9.1,Master,109329
4.6,PhD,52186
15.7,Bachelor,74078
10.0,Master,110354
7.7,Master,93357
7.9,PhD,54764
17.2,PhD,82558
11.5,Bachelor,46364
14.6,Master,104989
18.0,Bachelor,119308
18.1,Master,93571
7.2,PhD,62459
19.1,PhD,77786
1.5,PhD,120000
8.2,Bachelor,53002
18.0,PhD,91040
6.2,,59978
,Bachelor,97413
6.7,Bachelor,114977
12.6,Master,77352
,PhD,92911
14.8,PhD,89740
18.0,Master,69303
13.8,Master,72785
4.9,Bachelor,92206
18.7,Bachelor,58695
6.0,Master,106861
3.8,Master,40941
,Master,50416
11.7,Bachelor,81262
3.2,Bachelor,56858
3.6,PhD,83010
6.7,PhD,78500
6.4,PhD,99222
12.5,Master,119704
16.5,Master,107472
15.5,Master,61259
6.0,Master,120000
5.7,PhD,80891
19.4,PhD,89357
1.2,Bachelor,69090
17.7,Master,64446
,PhD,111604
19.0,PhD,76456
,PhD,81406
9.4,Bachelor,61991
14.4,PhD,118153
12.2,Bachelor,108930
7.0,Master,65551
11.5,PhD,97483
,PhD,107808
1.8,Master,88571
1.2,PhD,90175
9.7,Bachelor,85921
3.5,PhD,50981
13.6,PhD,99186
5.1,Master,84533
9.2,Bachelor,84042
4.8,Master,104903
11.4,Master,40649
3.2,Bachelor,67805
1.4,Master,52461
2.0,Master,40000
,PhD,75700
3.7,PhD,120000
14.5,Master,78484
2.3,Bachelor,92609
3.1,PhD,58937
10.7,Master,85613
9.8,Bachelor,120000
19.1,PhD,76797
,Master,120000
15.8,Bachelor,120000
12.4,Master,91809
9.6,Master,63276
7.8,PhD,96212
19.0,Master,105982
12.5,Master,54353
,Bachelor,81930
5.4,Bachelor,66916
1.9,Master,63620
19.0,Bachelor,110600
7.0,PhD,69970
9.4,Bachelor,70856
3.2,Master,92636
16.9,PhD,60664
1.5,PhD,59174
,Master,95873
3.7,Master,81149
17.8,PhD,64516
,Bachelor,48362
4.1,Bachelor,90166
11.8,PhD,110786
6.9,Master,110335
4.4,PhD,68618
17.3,Master,99596
8.7,Master,117257
8.6,Bachelor,73968
4.2,Bachelor,119145
8.3,PhD,120000
17.6,PhD,64681
7.9,Bachelor,61070
19.1,Master,67815
19.0,Bachelor,71611
,PhD,120000
4.4,Bachelor,113938
17.4,PhD,51001
8.5,Master,86392
1.1,PhD,89058
6.2,Bachelor,67733
12.4,Bachelor,91622
,Bachelor,120000
3.5,Bachelor,56620
3.1,Bachelor,41509
18.5,Master,57572
15.3,Bachelor,68261
12.2,PhD,68865
15.6,PhD,75950
,Master,81188
15.4,Bachelor,100761
8.1,PhD,72436
,Master,57307
,Master,112769
9.0,,111844
19.6,Bachelor,75723
,Bachelor,69885
18.5,Master,110576
,Master,47459
5.6,Master,68766
16.2,Master,84471
9.2,,55208
18.4,PhD,63218
9.6,Master,87855
15.1,Bachelor,102971
9.9,Bachelor,100754
5.3,Master,120000
4.8,Bachelor,48930
9.1,Master,53019
15.4,PhD,110288
12.5,Master,83508
14.1,PhD,75650
6.4,Bachelor,67903
10.1,Bachelor,64583
1.8,Master,81799
16.5,Master,54479
19.8,Master,116980
8.7,Bachelor,61303
1.2,Bachelor,120000
4.2,Bachelor,111794
13.4,Bachelor,83632
12.6,Master,101826
16.0,PhD,105646
5.8,PhD,65170
15.5,Master,66801
14.1,Master,94344
7.1,Bachelor,99691
,PhD,83433
,Master,81480
,Bachelor,77176
17.7,PhD,95262
9.0,Master,71895
17.0,Master,107918
12.2,Master,115326
4.6,Bachelor,95698
12.0,PhD,111347
,Bachelor,89998
8.6,Master,94946
3.3,Master,86243
8.9,PhD,43391
2.4,PhD,120000
,PhD,45882
8.9,PhD,74734
6.8,PhD,51194
18.6,Master,57715
,Bachelor,101924
15.4,PhD,80459
11.1,Bachelor,111914
,Master,68879
5.9,,58539
18.9,,68649
11.1,Bachelor,94806
16.8,Bachelor,115186
7.9,PhD,77773
2.9,PhD,71417
13.8,,120000
1.1,Bachelor,46442
10.0,PhD,86955
4.7,,80061
12.9,Master,58474
19.6,Master,68380
9.8,,40000
16.5,PhD,120000
10.6,Bachelor,92603
10.4,Bachelor,108621
18.7,Bachelor,80917
17.9,Master,93851
15.9,Bachelor,94870
6.6,Bachelor,117030
11.4,PhD,51610
5.3,,68468
9.4,Master,93356
10.2,Master,120000
16.8,Bachelor,120000
18.0,PhD,99883
8.9,PhD,57480
1.3,Master,43173
17.4,PhD,120000
4.3,Master,75646
,PhD,63889
1.5,PhD,116386
8.6,,50350
19.7,Bachelor,96758
2.9,,94133
,PhD,48765
6.8,PhD,78743
,Bachelor,58205
,Master,97920
,Bachelor,78575
2.5,Bachelor,42098
12.9,,118973
7.4,Bachelor,64295
13.8,Master,66372
1.6,Bachelor,61127
3.5,Bachelor,44026
14.0,Bachelor,120000
5.0,Master,75819
17.3,Bachelor,80027
2.1,Master,119526
5.1,Bachelor,89710
20.0,PhD,76206
9.2,Master,120000
14.4,Bachelor,107415
4.5,PhD,62110
12.6,Bachelor,88966
14.8,PhD,120000
7.0,Bachelor,94368
16.7,Bachelor,95839
12.5,PhD,120000
8.4,Bachelor,95411
11.6,PhD,53007
12.0,Master,66012
4.1,PhD,85810
8.7,PhD,67468
7.5,PhD,113797
8.6,Bachelor,77388
15.5,Bachelor,92397
,PhD,98990
18.9,PhD,89766
6.6,PhD,74954
,Bachelor,53733
16.0,Bachelor,94543
,Bachelor,117428
11.4,Master,97249
2.0,,73287
8.6,Bachelor,40000
6.1,Bachelor,110474
20.0,Bachelor,115250
6.9,Master,72993
17.8,Bachelor,107357
13.8,PhD,72320
,Bachelor,87878
11.3,Master,111186
17.0,Bachelor,59039
17.8,Bachelor,83252
4.0,Bachelor,49305
7.5,Bachelor,69289
7.4,Master,98209
,PhD,49072
12.4,Bachelor,85548
17.2,Master,61212
8.2,,95957
15.1,Master,59938
12.9,PhD,108063
8.1,Bachelor,101941
3.7,PhD,119942
14.5,Master,109524
17.2,Master,75307
14.0,Bachelor,47361
1.3,Bachelor,94230
5.1,PhD,96596
2.3,PhD,52202
11.8,,54739
15.4,Master,98778
3.1,Bachelor,116636
16.9,,114312
11.6,Bachelor,54432
14.1,,79579
19.5,PhD,48762
2.6,,82754
18.1,Master,107967
3.4,PhD,109125
,Bachelor,89671
17.2,Bachelor,54612
18.2,PhD,79326
10.6,PhD,120000
12.3,Bachelor,61385
14.5,,71491
16.8,PhD,114602
3.3,Bachelor,96617
16.4,Master,115958
10.1,,80504
9.6,Bachelor,81217
9.1,Master,82701
,Master,115971
19.0,Bachelor,98849
11.4,PhD,113926
19.1,Master,63453
4.4,Master,105857
14.8,Bachelor,71670
16.4,Bachelor,47332
13.9,Bachelor,45197
12.5,Master,86385
11.7,Master,74366
17.4,Master,118757
16.6,Master,111110
3.3,Master,53008
17.1,Bachelor,103335
8.9,Bachelor,62726
5.8,PhD,72123
17.5,PhD,106337
9.2,PhD,120000
16.4,Bachelor,79572
6.0,Master,111387
1.1,PhD,108872
10.4,Master,85134
2.9,PhD,83192
15.3,PhD,99897
6.2,Bachelor,41901
9.4,PhD,120000
2.7,Master,94295
6.4,Master,48387
15.8,Master,120000
3.9,Master,58395
13.3,Master,118709
18.4,Bachelor,64950
,Master,98172
16.4,Bachelor,78257
3.1,PhD,104655
5.8,PhD,54273
18.0,Bachelor,71461
14.6,PhD,50598
13.2,Master,112074
13.6,PhD,74299
8.9,PhD,99343
,PhD,107520
15.9,Bachelor,113666
13.9,Bachelor,48529
10.0,Bachelor,116212
18.1,Bachelor,63628
7.4,Bachelor,102307
6.6,Bachelor,97207
17.6,Bachelor,44952
16.1,,70459
10.8,PhD,78487
3.5,Bachelor,84082
5.1,Bachelor,115514
13.5,PhD,74928
8.3,Master,120000
16.9,PhD,74488
19.0,Master,120000
16.3,Master,114667
8.2,Bachelor,114246
16.0,Master,44178
7.7,Bachelor,93022
4.2,PhD,63906
1.6,Master,73503
8.3,PhD,88334
18.2,,111639
5.5,PhD,56762
4.9,PhD,87092
,Master,85281
1.5,Master,52399
15.9,Bachelor,90094
7.1,Bachelor,98541
1.7,Master,40314
18.4,Master,112750
3.7,Bachelor,83380
11.5,Master,113594
6.2,Bachelor,67095
2.2,Master,100527
,PhD,55673
3.2,PhD,75233
2.4,PhD,58775
15.5,Master,118803
10.2,Bachelor,95596
7.5,Master,40000
8.9,PhD,40000
18.6,Bachelor,75038
18.3,Master,56594
14.6,,97654
17.8,Bachelor,96018
7.1,Master,113177
8.2,Bachelor,120000
12.7,Master,99661
12.8,PhD,46109
10.2,Bachelor,73289
8.6,Master,80328
19.7,Master,92647
16.6,Bachelor,99709
9.3,Master,120000
14.8,,114895
6.1,,50839
2.9,Bachelor,69992
7.7,PhD,118364
8.7,Master,120000
1.3,,61517
16.5,PhD,102045
7.8,,98274
12.0,PhD,86516
2.4,Bachelor,56124
4.3,PhD,113433
17.9,Bachelor,105935
,PhD,59845
19.1,Bachelor,96038
20.0,PhD,102816
8.1,PhD,117615
6.7,Bachelor,74850
17.3,Master,120000
20.0,Master,58197
13.0,Master,105479
,Bachelor,94982
15.9,,82063
7.8,Master,91222
11.9,Master,111585
16.8,Bachelor,95115
14.1,Bachelor,81568
1.4,Master,44598
7.4,Bachelor,50653
3.7,Bachelor,48180
,Bachelor,113733
18.2,Master,105864
,Bachelor,120000
5.2,Bachelor,44981
6.9,PhD,95529
12.7,Master,50899
11.1,Bachelor,109957
,Bachelor,71887
4.1,PhD,50717
5.5,Bachelor,92173
10.5,Bachelor,64663
6.2,Bachelor,102666
19.0,PhD,97565
,Bachelor,95436
2.1,PhD,118508
14.9,PhD,77211
7.2,Master,80897
13.4,Master,103260
6.3,,91643
11.8,PhD,52347
,Bachelor,104828
18.6,PhD,50094
6.0,PhD,61303
7.4,Bachelor,44939
,PhD,50594
18.6,Bachelor,53075
18.1,PhD,61808
2.7,Bachelor,78404
3.5,Bachelor,60431
10.4,PhD,53735
3.0,PhD,101150
7.6,Bachelor,66035
3.8,PhD,40000
13.1,PhD,84955
19.0,Master,68999
19.9,Bachelor,67160
8.1,Master,78783
12.4,PhD,105191
17.3,PhD,99055
3.2,,117352
14.1,Master,88909
8.8,Bachelor,82783
4.9,Master,59472
8.7,Master,107699
2.4,Master,50183
14.2,PhD,89805
5.8,PhD,82730
6.9,Master,99729
3.3,PhD,120000
17.4,Bachelor,120000
10.4,Bachelor,62411
11.9,Master,54657
11.8,Master,114239
8.8,Bachelor,93979
4.7,,74543
15.2,Bachelor,97741
3.4,PhD,98605
3.0,Bachelor,113923
,Bachelor,87734
,Bachelor,79627
6.8,Master,82970
10.0,Master,113558
9.5,Bachelor,87909
14.5,Master,99417
,PhD,120000
13.2,,101751
14.6,Bachelor,80629
6.6,Master,96138
7.1,Bachelor,88564
9.3,Master,49587
,Bachelor,76159
19.7,Master,105163
16.5,Bachelor,79574
4.1,Master,108494
1.1,PhD,76168
1.8,,120000
5.6,PhD,68013
3.2,PhD,52247
,Master,82539
17.3,Master,88812
15.0,Master,70220
5.1,Bachelor,51614
8.6,Master,98357
10.6,PhD,75565
16.4,Master,93377
16.9,PhD,110708
18.3,Bachelor,110650
10.7,Bachelor,78794
14.2,PhD,85016
3.1,PhD,78098
11.7,Bachelor,117979
5.7,PhD,120000
9.2,PhD,69173
13.0,Master,59630
5.9,PhD,51426
,PhD,78701
1.2,Master,85591
1.4,Master,102277
1.2,Master,66049
3.1,Master,94280
5.6,Master,117532
5.2,Master,87535
19.7,Bachelor,49782
6.8,Bachelor,90964
3.4,PhD,92313
11.4,PhD,119113
17.3,Bachelor,66944
,Master,81906
6.6,PhD,87921
11.7,Master,89002
14.6,Master,109057
14.8,Bachelor,49508
13.7,Master,98033
17.5,PhD,57233
17.5,PhD,72383
12.0,PhD,99866
9.2,Bachelor,48639
13.2,Bachelor,66652
16.5,Master,101114
1.1,Master,92474
19.8,Bachelor,54564
4.5,Master,81629
9.9,PhD,52022
,Bachelor,71122
5.3,,68290
10.1,Bachelor,54859
3.5,Master,120000
8.5,Bachelor,56580
4.4,Master,113115
7.9,PhD,111101
8.1,Bachelor,120000
19.9,Bachelor,80555
19.9,PhD,118350
3.2,PhD,119397
14.8,Master,63276
2.0,PhD,78296
1.6,PhD,42620
3.0,Master,92430
19.3,Master,94766
,Bachelor,52879
4.7,Master,106689
4.1,Master,40000
5.6,PhD,112312
10.8,PhD,40000
11.8,Bachelor,105711
5.2,Master,47670
15.4,Master,61893
6.9,Master,99908
18.5,Master,72263
13.5,Bachelor,89396
9.3,,117638
16.0,Bachelor,41577
16.5,PhD,106774
6.5,Bachelor,48603
7.5,Master,58830
18.8,PhD,63772
4.1,Master,120000
1.8,Bachelor,59791
,Master,120000
16.2,Bachelor,120000
15.7,Bachelor,80022
18.5,,95001
11.1,Bachelor,110470
2.9,Bachelor,74587
12.2,Master,61358
15.8,PhD,88746
2.8,Bachelor,104383
4.3,Master,104738
1.2,Master,54953
12.3,Master,57704
17.8,Bachelor,120000
13.7,Bachelor,49018
19.7,PhD,108908
,PhD,52171
18.2,PhD,119818
16.5,Master,118572
7.0,Master,63157
19.5,Master,55181
6.5,Master,93136
17.9,PhD,73853
17.7,PhD,80201
15.4,PhD,103498
11.7,PhD,66274
3.3,Bachelor,72469
11.1,Master,114299
7.8,Bachelor,95771
16.1,Master,79059
15.4,Bachelor,98915
18.3,Master,115777
1.3,PhD,96822
16.4,Bachelor,68688
18.8,Master,51105
16.0,Master,120000
3.5,PhD,115243
2.5,,95311
,Master,49275
12.9,Bachelor,89364
13.0,,119904
19.8,Master,84870
8.6,Bachelor,68579
,Master,86900
12.9,Master,116982
16.7,Master,43596
18.8,PhD,88435
16.3,Bachelor,94359
9.1,Bachelor,98481
,Bachelor,90969
17.3,PhD,98615
10.3,Master,60966
5.1,PhD,67557
4.2,Bachelor,101860
1.0,PhD,44732
14.6,PhD,95951
3.1,PhD,91688
5.6,Bachelor,58973
6.7,Bachelor,84342
11.6,Master,78724
,PhD,76252
13.8,Master,82922
2.1,Bachelor,120000
3.4,Bachelor,70951
10.5,Master,92893
7.4,Bachelor,41171
,Master,46500
2.3,PhD,54562
,Master,111990
,Master,78127
3.3,Master,67410
2.2,Master,107482
19.5,PhD,57404
13.9,Bachelor,61270
8.9,,77751
14.3,PhD,92444
15.4,Master,96813
15.8,Master,73800
10.1,PhD,80832
9.2,Bachelor,108775
1.2,Bachelor,112434
18.6,,119570
12.5,Bachelor,112791
4.9,Master,84765
18.5,Master,98359
18.4,Master,89995
19.8,PhD,105001
17.6,PhD,89502
,PhD,50922
5.6,Master,101762
17.0,,103242
,Master,116871
5.4,Bachelor,64300
2.9,Master,56418
19.6,Bachelor,77441
,Bachelor,76993
,Master,61194
1.1,,75453
1.4,Bachelor,58171
9.9,PhD,61322
5.5,PhD,92099
14.1,PhD,111600
11.7,PhD,50476
2.5,Bachelor,95806
4.1,Bachelor,40000
8.4,PhD,51845
4.5,Master,95511
16.1,Master,105092
8.9,PhD,101134
2.8,Master,87769
10.2,PhD,114964
2.7,PhD,61742
3.4,PhD,62836
5.6,PhD,56393
,Master,116137
18.6,Bachelor,64532
16.7,Master,59789
7.3,PhD,91069
6.2,Bachelor,45354
11.4,Master,43447
14.7,Master,50757
19.9,,52245
3.5,,105852
1.9,Bachelor,79312
14.2,Bachelor,63025
16.8,Bachelor,62091
17.1,Master,118492
13.9,Master,86489
19.1,PhD,104574
10.7,Bachelor,75706
18.4,Bachelor,56878
19.4,PhD,120000
17.1,Master,93646
6.9,Master,55935
4.7,Master,72400
11.4,PhD,72038
9.6,Master,65462
17.7,PhD,120000
,Master,106951
5.9,Master,56035
15.3,Master,67312
2.8,Master,104331
7.1,PhD,66232
8.4,Bachelor,88451
12.8,Bachelor,96509
4.0,PhD,94841
17.4,Master,114764
9.5,Master,106845
18.4,PhD,120000
9.9,Master,73790
,Master,113583
3.7,PhD,41321
,Bachelor,58077
11.1,PhD,47382
3.0,Master,89727
8.4,PhD,50544
12.2,Bachelor,110807
6.2,Master,94960
4.3,Master,41993
15.7,Bachelor,104368
19.0,Master,115217
2.9,PhD,97833
4.0,Master,41418
19.2,Master,119357
1.7,,97932
19.6,Master,85698
1.1,PhD,68495
,PhD,86192
6.8,Bachelor,114376
18.8,Master,71363
7.0,PhD,57775
,PhD,120000
2.5,PhD,49162
5.6,Bachelor,114224
15.7,Bachelor,66521
11.0,Master,84788
18.6,PhD,66583
9.1,Master,109475
17.5,PhD,104141
9.5,Master,117187
19.6,Bachelor,96376
19.2,Master,59991
7.3,Master,77382
,Master,84297
17.1,Bachelor,95768
5.0,Master,108825
12.9,Bachelor,69073
2.4,PhD,104629
,Master,120000
4.3,Master,56086
2.3,Master,109676
,Bachelor,78717
12.0,PhD,92206
17.2,PhD,72788
19.5,PhD,70338
9.4,Bachelor,48961
2.1,Master,108880
15.2,Master,107994
11.7,Master,52318
9.5,Master,120000
,PhD,91594
10.5,PhD,118970
7.4,PhD,50430
15.4,PhD,74123
11.3,Master,103164
17.7,Bachelor,55079
11.3,Bachelor,83964
5.5,PhD,75601
17.2,Master,51205
11.6,Master,64470
4.9,Master,115300
12.8,Master,65365
7.8,PhD,58204
17.0,Master,90060
9.6,Master,102461
14.8,Bachelor,107828
2.8,Master,106865
8.5,PhD,44008
19.7,Bachelor,77705
16.4,Master,116162
4.0,Bachelor,105664
6.3,PhD,99807
7.3,Master,42894
13.4,Master,78720
15.4,Master,54122
15.2,Bachelor,105392
10.7,PhD,62432
16.4,Master,59774
9.3,Master,69449
3.4,,81314
11.7,Bachelor,75178
19.1,PhD,88575
16.1,Bachelor,106299
12.0,PhD,75973
13.3,Master,91491
,Master,72100
9.1,PhD,82979
7.3,PhD,92441
19.6,Bachelor,81684
17.4,Bachelor,107466
7.1,PhD,85327
9.8,Bachelor,109186
8.9,Bachelor,77294
3.8,PhD,82916
19.2,Master,113044
,Bachelor,66479
17.6,Bachelor,81262
4.6,Master,95520
11.4,Master,43772
1.5,Master,78215
15.5,Bachelor,95474
12.0,Master,120000
12.9,PhD,117505
2.0,PhD,64072
5.0,,83444
2.4,PhD,45605
6.5,Master,66227
12.9,Master,97279
11.8,PhD,63198
12.6,PhD,60836
11.4,Bachelor,113607
6.2,Bachelor,109812
5.6,PhD,109925
3.6,PhD,120000
17.1,Bachelor,106579
12.7,Bachelor,53254
4.5,Master,85131
4.4,PhD,87811
17.6,PhD,85294
15.1,Master,111829
13.5,Bachelor,83894
8.7,Master,48561
,Bachelor,63325
19.6,PhD,76564
16.1,Bachelor,111199
6.7,PhD,85133
17.1,Master,93047
15.4,Master,92656
6.6,PhD,98088
,Master,107131
4.5,Bachelor,89462
3.1,PhD,119547
14.7,Master,120000
6.1,Bachelor,120000
16.6,Master,90238
,Master,120000
2.5,PhD,68244
10.0,Bachelor,111576
16.2,Master,116617
16.0,PhD,120000
15.4,Bachelor,112309
,Bachelor,77173
9.6,Master,56135
,Bachelor,75667
19.5,PhD,102246
7.2,PhD,59313
18.5,Bachelor,90243
6.1,Master,86383
19.8,Master,85019
13.7,Bachelor,120000
9.8,Master,102744
12.7,Bachelor,110268
6.2,PhD,91882
,Master,118350
3.2,PhD,71346
3.2,Bachelor,65489
7.6,Bachelor,119863
,,100742
12.6,Bachelor,95506
2.9,Bachelor,71908
17.2,PhD,80806
12.4,Master,92602
19.3,Master,55186
13.7,Master,85055
4.3,Bachelor,76058
,Bachelor,90404
13.3,,93354
1.5,PhD,114759
,PhD,94360
,Bachelor,115891
5.8,PhD,83450
9.2,PhD,101162
10.3,Bachelor,40464
3.6,Master,52007
13.8,Master,84948
12.3,Bachelor,62297
6.6,Master,109217
,Master,84455
2.5,Master,105847
8.4,Master,119223
3.9,,56689
8.2,Bachelor,72205
12.9,Master,97575
11.4,Bachelor,65866
5.4,Master,61571
7.5,Master,105872
12.7,Bachelor,119116
17.4,Bachelor,103358
15.3,PhD,84397
11.5,PhD,79952
7.9,PhD,85342
7.9,Bachelor,74038
17.7,Bachelor,89371
1.7,Master,64449
19.8,PhD,120000
13.6,Bachelor,104775
13.9,Bachelor,95185
1.7,Master,120000
12.5,Bachelor,75192
,,48733
3.0,Master,105883
6.3,Bachelor,120000
17.9,PhD,95289
11.4,PhD,48623
8.9,Bachelor,107463
2.4,Bachelor,51310
14.6,PhD,86652
14.4,PhD,82232
12.7,Master,110847
10.7,Master,76558
9.2,PhD,118806
12.3,Master,80350
5.4,PhD,72796
18.9,PhD,119110
12.2,PhD,65511
6.9,Bachelor,87107
9.5,Master,78757
16.3,Bachelor,106469
,PhD,50287
6.6,Master,90201
13.9,PhD,88312
7.0,Master,85262
16.1,PhD,57178
3.5,Master,95231
15.5,Master,95767
2.3,Master,40000
1.2,PhD,97413
18.1,PhD,111607
12.0,Master,48252
7.7,Bachelor,83821
,PhD,99160
12.7,PhD,52529
10.7,PhD,43889
19.8,Bachelor,72893
19.7,Bachelor,111522
,PhD,60032
9.4,Bachelor,111795
10.3,Master,97975
14.0,Bachelor,75545
2.9,PhD,84758
7.2,Bachelor,120000
2.4,Master,55656
2.4,Master,78589
4.7,Bachelor,98249
10.2,Bachelor,60879
15.9,Master,52620
10.2,PhD,42691
7.4,Bachelor,63347
2.6,Bachelor,53336
11.5,Bachelor,114114
6.2,,120000
12.7,Bachelor,60423
19.6,PhD,85792
3.1,PhD,40452
5.0,,50841
10.0,Bachelor,68861
19.4,Bachelor,77747
15.7,PhD,120000
18.1,PhD,75315
7.3,Master,76734
19.8,PhD,71598
,Bachelor,40000
2.0,PhD,120000
17.3,,57943
18.6,PhD,120000
2.7,Bachelor,57341
3.2,PhD,96002
1.6,Master,120000
,Bachelor,51365
5.0,Bachelor,77517
19.4,Bachelor,97739
13.7,Master,54770
,Bachelor,82742
15.7,PhD,51929
,Master,55803
16.2,PhD,58161
12.3,Master,117406
7.0,Master,52052
11.7,PhD,40000
11.1,Master,92875
16.6,Master,84606
19.7,Master,78110
8.8,Master,58461
15.5,Master,113530
2.9,Master,80994
15.8,PhD,74590
,Bachelor,49774
1.7,PhD,86954
7.9,,116167
12.6,PhD,72890
,PhD,50002
18.6,PhD,65508
2.5,Master,90789
18.7,Bachelor,120000
14.4,Bachelor,51652
,PhD,71269
8.4,Master,51427
15.1,PhD,66663
12.4,PhD,82727
13.8,Bachelor,120000
8.4,Master,52487
,PhD,99276
19.8,Master,87260
5.1,PhD,104706
8.9,PhD,88681
,PhD,52857
15.5,Bachelor,120000
15.5,,45268
6.6,Master,91880
2.5,,112718
1.2,Bachelor,53936
,Master,90835
8.8,Bachelor,115823
19.8,PhD,120000
9.9,Bachelor,100545
5.9,PhD,68006
17.9,Master,110453
,PhD,96066
12.4,Bachelor,104247
2.8,Bachelor,106042
8.3,PhD,48268
18.9,Master,60960
12.2,PhD,93493
7.5,Bachelor,120000
12.9,Master,80192
,PhD,113550
6.2,Master,120000
10.6,Master,117544
19.2,Bachelor,108997
4.3,Master,111162
14.7,PhD,103966
12.7,PhD,106066
13.9,Bachelor,53062
7.7,Bachelor,57137
7.0,PhD,60784
14.0,PhD,46494
5.1,Bachelor,53600
9.0,,117734
4.6,Master,96910
1.2,Bachelor,70112
19.4,Master,116666
9.2,Master,81380
19.4,Bachelor,50151
3.7,Bachelor,110933
12.2,Master,71156
4.8,PhD,101771
16.0,PhD,75212
15.9,PhD,78202
3.1,Bachelor,102875
18.3,PhD,56212
4.7,Master,120000
12.6,Master,49855
19.7,PhD,89066
17.8,Master,120000
19.2,Master,119950
,Bachelor,60742
3.0,PhD,64489
,,108263
10.5,Master,45970
16.1,Master,84237
3.9,Master,103283
13.5,PhD,82241
7.1,PhD,65352
7.5,Master,94820
13.6,,118564
9.9,Master,89763
,PhD,104275
4.0,Master,70026
16.0,Bachelor,54201
2.2,Master,60318
4.7,Bachelor,89138
13.5,Master,68604
17.2,Master,96369
5.8,Bachelor,100187
7.2,PhD,98467
11.2,PhD,56654
5.0,Master,104276
,PhD,96122
15.7,PhD,42408
3.8,PhD,42888
9.8,Bachelor,97218
15.7,,75075
7.4,Bachelor,59820
13.0,Bachelor,42969
,PhD,44064
12.6,Master,120000
3.9,Bachelor,107613
16.8,Bachelor,87429
,PhD,113802
6.3,PhD,86297
17.0,Bachelor,109141
2.0,PhD,62174
8.5,Master,98877
8.0,PhD,60148
6.4,Master,71930
18.3,PhD,56984
15.3,Master,58800
2.2,PhD,42412
14.6,Bachelor,71068
11.0,PhD,117586
18.1,PhD,84354
6.9,,106621
11.9,,89748
10.5,Master,77628
10.3,PhD,59703
9.7,Bachelor,110212
4.9,Bachelor,47133
15.4,Bachelor,109423
9.6,Bachelor,96558
19.2,Master,76902
6.0,Master,59053
14.0,Bachelor,76159
18.9,PhD,120000
13.6,PhD,120000
17.6,,119753
16.7,PhD,80327
7.8,Bachelor,83827
12.4,Bachelor,43468
4.0,Master,116257
11.2,PhD,70908
5.4,Bachelor,74265
15.1,Master,116863
11.0,Bachelor,89848
8.8,PhD,83189
6.1,Master,54755
20.0,Master,89038
,PhD,120000
1.8,Master,97713
5.1,,58494
19.5,Bachelor,45084
19.6,Bachelor,61452
13.4,PhD,87277
17.7,PhD,42874
5.1,PhD,90706
,PhD,89581
3.7,Bachelor,106132
2.9,PhD,44688
3.1,,108747
11.9,PhD,88810
15.8,PhD,72215
8.0,Bachelor,111199
19.6,Bachelor,61607
9.3,Bachelor,94328
3.9,Bachelor,79525
9.9,Master,91346
13.9,Bachelor,95639
16.8,Master,56003
9.7,,97310
12.3,Bachelor,95003
6.1,Bachelor,102858
13.3,Bachelor,54278
,Master,68587
1.9,Master,93341
17.8,PhD,53388
,Bachelor,100092
5.8,Bachelor,41666
19.1,Master,74193
10.2,Bachelor,113299
7.3,PhD,110062
4.4,Master,98258
5.6,Bachelor,110250
16.8,Bachelor,104211
12.7,Master,84426
18.4,Bachelor,114043
5.4,Bachelor,99860
3.3,PhD,93591
1.1,Master,79606
10.6,Master,116746
20.0,Master,63140
14.2,Master,46039
6.9,Bachelor,62242
17.7,Master,57951
15.9,Bachelor,69555
1.3,PhD,101142
16.5,Master,93442
6.7,PhD,60914
3.8,PhD,98919
5.3,Master,81836
9.9,Master,85679
,PhD,80448
6.5,Bachelor,114191
,Bachelor,71570
15.5,Bachelor,53690
19.8,Master,67431
15.8,Bachelor,98899
6.6,Bachelor,89923
5.7,PhD,62705
5.1,Master,48503
3.6,PhD,94979
11.5,PhD,100672
12.5,PhD,84248
14.4,Bachelor,115029
13.9,Master,120000
6.6,PhD,62190
7.3,Bachelor,96612
13.9,Bachelor,47673
7.6,Bachelor,91333
5.0,Bachelor,70066
8.1,Bachelor,52931
,PhD,112241
2.7,PhD,114943
16.8,Master,52308
17.2,Master,46706
5.2,PhD,71509
2.2,PhD,94112
15.0,Master,104661
5.0,PhD,86939
8.5,PhD,84741
2.2,Master,112510
5.3,Bachelor,75095
16.1,Master,86365
16.3,Bachelor,88362
4.9,Master,107222
7.4,Bachelor,58556
3.6,Master,64015
2.4,PhD,57333
19.9,Bachelor,110421
13.5,Bachelor,85888
11.3,Bachelor,71219
15.5,Master,120000
17.0,Bachelor,120000
16.3,,120000
,PhD,60065
4.5,Bachelor,112867
13.4,PhD,76460
8.1,Bachelor,42138
19.7,PhD,78859
13.6,Bachelor,78298
19.2,Master,51876
4.8,Bachelor,94759
17.4,Master,106256
7.1,Master,70564
,PhD,76682
4.0,Master,69502
10.8,,120000
16.1,Master,47885
9.2,Bachelor,80592
9.9,PhD,72849
19.7,Master,120000
9.1,Bachelor,49076
,Master,81222
2.0,Bachelor,67414
17.0,Bachelor,112562
,Bachelor,55360
8.7,Bachelor,93972
1.3,Master,48346
12.2,PhD,115374
1.2,Bachelor,85871
1.0,Master,83257
,Master,86647
4.6,PhD,68975
4.6,Bachelor,63320
13.4,,92878
,Master,112490
7.0,Bachelor,76760
3.8,Master,113736
12.0,,66436
,Bachelor,116637
14.7,Bachelor,70224
5.8,Master,78642
2.7,Bachelor,82896
2.5,PhD,101976
9.1,PhD,119978
19.0,Bachelor,82664
,Bachelor,77034
5.9,Master,40658
,Bachelor,63840
12.5,Master,80525
,Master,89436
,,96454
17.4,,104184
,Master,107339
3.6,Bachelor,61832
6.5,,108461
13.6,Master,50911
12.6,Master,99739
11.1,Bachelor,48716
14.0,PhD,107319
13.1,PhD,98805
,Bachelor,72586
12.1,PhD,91737
15.8,Bachelor,46330
5.7,Master,66241
13.9,PhD,96742
18.1,,110360
8.3,Master,74874
15.8,PhD,59776
14.8,Master,90583
2.1,PhD,91869
12.0,Bachelor,76798
3.5,Master,114822
19.4,PhD,91723
16.4,Bachelor,45079
3.1,Bachelor,63942
3.3,PhD,84026
12.3,,92136
7.6,,60208
1.7,Bachelor,113209
11.3,PhD,65534
8.4,Master,89294
2.9,,40291
16.2,Bachelor,114937
18.4,Master,106778
15.4,Master,63607
16.6,Bachelor,120000
5.1,PhD,80648
6.0,Master,97770
5.0,Master,101276
15.5,Master,102903
19.0,Bachelor,120000
14.6,Bachelor,109658
17.7,Master,118968
13.1,Master,56279
8.4,PhD,67234
9.1,Bachelor,88214
2.4,Master,101951
1.6,Bachelor,82853
14.2,Master,55622
9.3,PhD,110888
11.5,PhD,120000
11.6,Bachelor,73459
,,55726
10.0,Bachelor,41830
9.9,Bachelor,53862
8.4,Master,108954
16.6,Master,120000
9.6,PhD,49384
12.5,Bachelor,86122
18.0,Bachelor,88790
17.5,PhD,77532
17.9,Bachelor,97644
6.1,Bachelor,99587
1.7,,110624
6.0,Master,73161
6.3,Master,97243
18.3,Master,62646
13.3,Bachelor,60228
2.6,Master,62570
3.6,Master,69373
4.0,Master,47308
13.0,Bachelor,71433
15.0,Bachelor,88557
17.3,Master,107751
18.9,PhD,60340
4.8,Bachelor,67002
,,95255
5.6,PhD,75019
7.8,Bachelor,77242
18.4,PhD,112686
11.9,PhD,45048
15.0,Bachelor,68920
10.3,PhD,64087
1.5,PhD,40202
2.2,PhD,120000
11.2,Bachelor,77107
14.7,Bachelor,78034
5.1,PhD,104644
14.7,Master,45737
16.4,Bachelor,66185
8.8,,110236
15.2,PhD,111787
8.7,Master,79494
13.9,PhD,75067
15.5,Bachelor,106551
19.8,Master,77615
7.6,Master,48564
8.8,Bachelor,63283
4.1,PhD,72740
4.9,Master,45785
14.2,Bachelor,93334
18.4,PhD,110004
8.5,PhD,88217
4.4,Bachelor,49692
6.4,Master,80783
9.6,Master,91963
6.5,PhD,61081
5.4,Master,40585
15.0,PhD,85811
1.1,Bachelor,59017
11.2,Master,120000
16.1,Master,91310
6.1,Bachelor,77841
12.5,PhD,106154
13.7,PhD,77192
13.4,Bachelor,51912
9.5,PhD,61552
7.6,PhD,96952
16.9,Master,46067
15.4,PhD,72833
7.1,Bachelor,55566
3.0,Master,63515
2.4,,100253
2.8,PhD,109628
12.1,,103800
2.0,Bachelor,95410
7.4,Bachelor,108224
15.3,Bachelor,57919
6.6,Bachelor,54099
15.5,Bachelor,81280
15.2,Bachelor,77974
5.7,PhD,65706
14.8,PhD,60671
15.2,PhD,63722
8.6,PhD,86626
5.0,PhD,120000
10.9,Bachelor,75089
18.5,Bachelor,55165
13.2,Bachelor,101023
4.3,PhD,74698
14.0,Bachelor,58907
9.1,PhD,71032
12.2,Bachelor,98598
14.9,Master,113418
10.8,,88891
16.5,Bachelor,69600
14.7,Master,67224
,Bachelor,51450
3.9,,117282
16.9,Master,87514
18.8,PhD,40000
3.6,Bachelor,94365
,Bachelor,65016
5.9,PhD,120000
,PhD,111229
,PhD,63825
3.7,PhD,98358
17.7,Bachelor,92002
4.4,PhD,63524
16.1,Bachelor,93167
9.7,Master,86779
7.2,PhD,55225
4.0,Bachelor,89438
4.2,Bachelor,91794
13.6,Bachelor,62627
11.5,Bachelor,68666
3.3,Bachelor,93476
3.1,Master,48982
2.4,Bachelor,94499
15.1,Bachelor,52871
14.5,Bachelor,54770
2.1,Master,53941
11.6,Bachelor,80263
2.6,Master,86822
18.2,Master,85011
18.2,Master,71269
14.3,PhD,111448
,PhD,55147
16.4,Bachelor,74885
16.7,Master,53257
11.8,Master,43777
6.8,Bachelor,63292
5.1,Bachelor,60056
7.2,Master,60509
12.9,PhD,106633
4.3,Bachelor,60907
5.9,Master,110050
9.9,Master,100402
5.4,PhD,64543
12.2,Master,97830
18.5,Bachelor,86249
15.2,Bachelor,53312
13.7,Master,115608
12.1,PhD,92591
10.3,Master,112617
4.5,Bachelor,118315
18.0,PhD,52854
,Master,54452
2.7,Bachelor,60372
15.3,PhD,111207
4.3,Master,115717
,Master,89544
,PhD,51491
3.6,Bachelor,47064
4.3,Master,107632
,PhD,112085
13.5,Bachelor,59889
16.9,Master,51324
8.1,Master,78995
17.6,PhD,45280
5.1,Bachelor,106515
7.2,Master,80356
3.9,,93887
12.8,PhD,72149
,Master,67197
12.7,Master,54625
15.5,PhD,102101
11.4,PhD,98761
,Bachelor,81082
18.8,Bachelor,73067
6.7,PhD,45434
7.8,Bachelor,54158
14.6,Master,97658
,Master,88836
4.4,PhD,76739
8.1,PhD,108443
9.9,Bachelor,76726
9.0,Master,71954
4.4,Master,54317
,Bachelor,112958
15.5,Bachelor,90566
10.1,Bachelor,48601
13.9,Bachelor,91523
,PhD,84401
3.6,Master,105002
5.8,Master,118522
11.3,Master,83360
16.2,Master,106571
1.7,Bachelor,48771
,Master,95328
9.6,,103823
7.8,Bachelor,86657
6.6,PhD,86099
4.3,Bachelor,112759
16.0,Master,61180
19.2,Bachelor,58801
8.9,PhD,90819
19.1,Master,107767
,Bachelor,120000
10.1,,85208
13.8,PhD,117869
9.3,Master,96841
11.6,Master,53243
2.1,Master,110162
14.2,Bachelor,60074
2.0,Bachelor,66701
16.5,PhD,77060
16.7,Master,69874
5.5,Master,72816
7.1,PhD,56473
10.1,Bachelor,69526
12.3,Bachelor,51182
6.5,Bachelor,84124
12.3,PhD,100282
,,110782
2.1,PhD,110673
1.0,PhD,75397
2.9,PhD,102700
16.1,Bachelor,69336
19.3,PhD,50602
,PhD,98840
10.7,Bachelor,89208
,Master,104381
11.5,Master,86605
3.7,Master,55743
12.6,Bachelor,111066
18.7,Bachelor,91211
4.7,Bachelor,114945
,PhD,108351
1.4,Bachelor,65681
,PhD,48201
3.1,Master,54478
7.7,Bachelor,51361
4.3,Bachelor,59101
8.1,Bachelor,79209
8.9,Master,120000
6.7,,110681
13.5,Master,96377
18.5,Master,41347
8.6,Bachelor,77083
4.7,PhD,103653
6.1,PhD,58431
17.2,PhD,110066
11.9,PhD,113070
9.6,PhD,72796
3.8,PhD,100140
,PhD,52048
6.3,Bachelor,89807
18.9,Bachelor,40000
17.8,PhD,63688
2.6,PhD,94543
10.8,Bachelor,101735
,PhD,93894
8.8,Bachelor,83777
17.7,,103981
11.0,Bachelor,104044
7.4,Bachelor,120000
4.9,PhD,115009
16.2,Master,106846
12.9,Master,105851
9.9,Master,88287
5.1,Bachelor,50744
7.4,Bachelor,48388
19.2,PhD,115752
10.9,Bachelor,104482
8.6,PhD,92352
,Bachelor,74179
,PhD,49202
7.5,Bachelor,58391
4.4,Master,79882
12.1,Bachelor,82301
13.6,Bachelor,116089
14.5,,48305
17.8,Master,90514
8.1,PhD,71692
2.4,,120000
19.2,Bachelor,117140
9.3,PhD,88566
12.8,Bachelor,120000
13.7,Master,92124
11.4,PhD,62103
4.9,Master,85185
15.3,PhD,66622
16.3,Bachelor,91625
11.5,PhD,120000
10.3,PhD,108481
3.2,PhD,65944
2.6,Master,67978
7.5,PhD,45358
6.9,Master,73046
19.1,,51013
,Master,79968
13.5,Master,101385
10.8,PhD,99938
4.2,Bachelor,53832
19.6,,71922
8.1,Master,50877
3.0,Master,51743
10.4,Bachelor,74885
17.6,PhD,70118
17.9,,90850
1.2,PhD,113507
17.8,PhD,82318
6.2,PhD,99715
1.7,PhD,49871
17.1,Master,119008
17.4,Master,63442
12.3,Master,62865
11.9,,43447
16.4,Bachelor,72771
15.9,Bachelor,92825
17.9,Bachelor,120000
11.5,PhD,105170
19.4,Master,77471
19.9,Master,96375
3.2,Master,89686
17.1,PhD,116707
10.5,Master,103446
8.4,PhD,86831
12.6,Master,95008
2.1,Master,108049
10.6,Bachelor,48849
17.5,PhD,58446
5.1,PhD,101338
9.1,Master,112111
18.9,Master,73352
,Master,120000
7.8,PhD,58541
9.4,PhD,75947
10.9,PhD,89176
13.0,Master,118310
16.2,Master,64784
9.6,,93652
16.5,Bachelor,64369
11.1,Master,90155
7.4,Master,108146
13.5,Bachelor,74330
14.6,PhD,116324
11.6,Bachelor,117120
2.1,Bachelor,40000
4.2,Master,103174
,Bachelor,70997
6.4,PhD,60048
13.8,Master,91847
1.3,PhD,98695
15.4,Bachelor,75404
6.0,Master,42435
6.9,Bachelor,114560
11.0,PhD,111973
5.1,PhD,72910
17.8,PhD,84317
2.6,Bachelor,49382
9.4,Master,75268
17.1,Bachelor,90099
12.7,Bachelor,87347
6.6,PhD,56982
9.0,Bachelor,102811
,Master,73893
19.5,Master,87748
18.0,Master,63417
7.5,PhD,80794
,Bachelor,58653
1.1,Bachelor,95090
1.5,PhD,73725
16.7,Master,49021
4.8,Master,46833
2.2,PhD,78940
5.5,Master,56609
9.1,PhD,89133
14.9,PhD,80032
12.9,,92915
5.5,Master,118224
,PhD,92221
18.6,Bachelor,102886
16.5,PhD,105757
7.1,PhD,120000
,PhD,55643
14.5,Master,120000
2.2,Master,119827
1.7,Bachelor,64239
4.2,Bachelor,55844
14.8,Master,120000
4.5,PhD,88959
10.7,Master,79971
2.8,PhD,109156
18.5,PhD,73524
7.5,PhD,56511
18.3,Master,98507
19.0,Master,96264
,PhD,112405
9.8,PhD,88502
1.5,PhD,103522
18.3,Bachelor,76819
10.8,PhD,90946
2.4,Master,60571
3.1,PhD,73983
8.3,Bachelor,101703
18.9,PhD,70735
14.2,PhD,102956
17.5,Master,64547
8.0,Bachelor,42895
1.8,Master,41066
19.5,,100017
1.3,Master,64079
,Master,97798
8.0,Bachelor,97015
1.2,Bachelor,63394
,Bachelor,82454
19.6,PhD,79555
19.3,Bachelor,113373
4.1,Master,67321
4.4,Master,51276
11.7,PhD,80245
13.1,Bachelor,95533
15.0,PhD,115896
4.4,PhD,120000
19.2,PhD,118649
,Bachelor,69893
17.1,Bachelor,71094
11.3,Bachelor,107983
8.9,Master,113391
19.6,PhD,76301
12.1,,75547
17.5,,117101
19.1,PhD,76503
13.8,PhD,85965
11.4,PhD,118645
1.1,,107499
1.8,Bachelor,51886
4.8,Bachelor,79083
4.5,Master,72246
5.8,Bachelor,116946
6.8,PhD,120000
7.8,Bachelor,99889
9.0,Master,83701
2.9,Bachelor,43130
1.8,PhD,105848
13.8,Bachelor,85676
11.2,Master,102884
9.4,PhD,85522
13.1,Bachelor,80094
16.7,Bachelor,120000
9.1,Bachelor,42580
13.2,PhD,103711
,PhD,70791
17.0,PhD,109774
9.1,Master,88870
13.2,Bachelor,40000
4.4,Bachelor,59073
11.6,Master,59619
19.6,Bachelor,51125
,PhD,99216
18.6,Bachelor,70488
8.7,PhD,83027
20.0,Master,69426
12.0,Master,85337
1.8,PhD,100916
12.1,Bachelor,69436
6.2,PhD,89125
,Master,107712
16.6,Master,44557
6.2,Bachelor,100906
16.1,PhD,71684
6.5,PhD,53475
4.7,Master,90821
19.5,PhD,69111
7.9,Bachelor,106487
12.4,Bachelor,41568
12.6,PhD,61315
11.6,,79959
18.4,PhD,98782
,Bachelor,94543
8.7,Bachelor,67940
17.4,PhD,120000
4.4,Master,109508
,Bachelor,85559
19.1,,111405
12.9,,92373
16.5,Bachelor,52333
13.4,PhD,68297
,Master,52482
18.9,Master,120000
6.2,Master,56143
4.2,PhD,96746
10.2,PhD,74563
14.3,Master,93095
5.3,Master,52838
1.1,,96821
7.5,Bachelor,53089
19.4,Master,112559
14.2,Bachelor,110816
8.6,,103740
4.7,Bachelor,46546
7.8,Master,56636
4.2,PhD,113635
3.0,Bachelor,50314
,Bachelor,60197
20.0,Master,99115
,Master,66648
2.0,PhD,71534
7.3,,93531
,Bachelor,68909
4.9,Master,65656
6.7,Master,85674
4.8,Bachelor,67126
15.7,PhD,118089
14.5,Master,50404
13.1,PhD,92717
8.4,PhD,77682
18.3,Bachelor,78798
19.4,Bachelor,69057
4.3,PhD,40000
5.2,Master,115507
11.0,Master,68140
2.7,Bachelor,93232
9.3,Master,120000
,Master,91395
10.9,Bachelor,77280
7.3,Bachelor,63409
11.3,Master,120000
19.2,PhD,111416
4.9,Bachelor,82317
13.4,PhD,86535
1.8,Master,117379
2.3,PhD,103289
11.5,Bachelor,62717
3.0,Master,84604
1.4,Bachelor,86644
4.3,Master,40000
11.7,PhD,118708
14.4,PhD,59098
4.8,Bachelor,92465
13.7,PhD,72416
4.5,Bachelor,60679
12.7,Master,83510
8.8,PhD,117969
13.4,Master,91575
,Bachelor,63703
18.8,PhD,101619
1.1,,64626
17.8,Master,51815
2.3,Master,45543
19.1,PhD,51112
6.4,Bachelor,86132
8.3,Master,72342
2.7,PhD,55010
3.1,PhD,104836
14.8,Master,52913
18.9,PhD,114600
,PhD,80262
14.6,Bachelor,40000
15.5,PhD,120000
6.0,Master,67894
1.9,PhD,83745
1.0,Bachelor,60128
7.7,Master,101592
5.6,,90100
2.2,PhD,62013
4.4,PhD,57366
3.4,PhD,103062
18.4,PhD,70076
3.7,Master,55486
11.2,PhD,85479
12.3,PhD,108889
11.3,PhD,74304
2.9,PhD,59506
7.1,Master,117777
2.0,Master,52549
8.5,Bachelor,85317
4.6,Bachelor,115053
11.7,Master,107942
14.2,Bachelor,46326
11.1,Master,67453
9.3,PhD,54011
8.4,PhD,119919
17.0,Master,120000
5.2,Bachelor,64178
,PhD,99851
15.4,PhD,116580
9.0,PhD,64432
6.6,Master,61197
9.9,Bachelor,44100
2.8,PhD,73562
1.9,,107933
3.1,,117219
4.6,Bachelor,57966
10.6,Bachelor,58382
17.1,Bachelor,74269
5.5,Master,104319
18.8,Bachelor,91781
19.1,PhD,86503
19.2,Master,87396
16.9,Bachelor,51543
7.9,Bachelor,81761
2.4,Bachelor,114675
11.8,PhD,49223
,Bachelor,80279
17.1,Bachelor,61848
19.9,PhD,87385
10.7,Master,89626
7.6,Master,83267
4.5,Master,110338
1.1,Master,69492
10.7,Bachelor,79873
11.6,PhD,49240
,Bachelor,104973
10.6,Master,63088
18.4,PhD,120000
12.9,PhD,63520
17.0,Master,55292
3.8,PhD,54787
17.3,Bachelor,118363
13.8,Bachelor,66954
4.2,Bachelor,50309
4.6,Bachelor,57153
18.6,PhD,77401
1.6,PhD,46811
9.8,,90158
7.0,Master,51294
13.6,Master,88372
17.0,PhD,60910
7.8,PhD,81339
9.1,Bachelor,82512
19.7,Master,47285
15.9,Master,77337
18.0,PhD,78175
9.3,Master,73095
5.4,Bachelor,86660
,Bachelor,83174
14.6,Bachelor,98914
3.1,Bachelor,66712
6.1,PhD,73221
1.9,Bachelor,53601
9.2,Bachelor,100305
16.7,Master,86829
1.5,PhD,65918
13.8,Master,118192
18.7,Master,50277
5.5,Bachelor,116536
14.2,Master,58716
19.5,Master,109071
19.3,PhD,78433
5.5,Bachelor,111064
2.9,PhD,55375
3.8,Master,60995
14.3,Master,74048
14.8,PhD,120000
13.8,PhD,120000
7.4,Bachelor,53628
4.2,Bachelor,78470
12.0,PhD,85449
10.2,Bachelor,61862
14.8,PhD,65022
9.4,Bachelor,120000
7.4,PhD,74382
,Bachelor,56153
5.0,Master,66732
6.0,Master,69938
2.8,PhD,79869
7.6,Bachelor,64799
1.7,PhD,88190
,Bachelor,48623
15.2,PhD,76089
7.2,Bachelor,40000
13.7,Bachelor,113785
,Master,64705
12.0,Master,105502
19.2,Master,77843
1.4,PhD,75240
,PhD,66700
19.2,Bachelor,103884
17.4,PhD,119268
4.2,Bachelor,65260
7.2,Master,67772
4.3,PhD,90519
,Bachelor,57001
14.5,Master,106150
7.0,Bachelor,56071
11.3,Master,97669
,Bachelor,84525
9.0,Bachelor,56986
17.2,Bachelor,99233
15.7,Bachelor,72847
2.2,Master,64508
12.8,Bachelor,67780
,PhD,87816
11.6,Master,44224
19.2,Bachelor,120000
17.7,Bachelor,97180
8.7,Master,46766
6.5,Bachelor,104336
5.5,PhD,68770
,Master,92545
3.2,PhD,72722
11.4,Bachelor,102443
1.0,Master,88786
7.2,Bachelor,80174
5.2,PhD,77621
19.5,Master,68323
14.8,Master,81322
7.6,PhD,55339
2.8,Bachelor,62829
10.8,,95581
5.1,Bachelor,108639
11.2,PhD,70665
16.9,Master,74849
12.7,PhD,110340
13.0,Bachelor,109882
11.3,PhD,83235
18.6,Bachelor,52392
18.7,Bachelor,101356
10.7,Bachelor,102921
,Master,40000
9.7,PhD,99616
4.5,Bachelor,92762
13.1,Master,73527
10.5,Master,104929
3.0,Master,75520
4.8,PhD,106725
10.1,Bachelor,79209
17.9,PhD,65146
11.8,Master,89976
13.9,Bachelor,104673
7.4,PhD,120000
11.9,Master,76479
9.5,PhD,46604
13.5,Bachelor,120000
2.0,Master,89734
10.4,Bachelor,120000
6.6,PhD,68981
7.2,Master,66656
19.3,PhD,61216
4.5,Bachelor,107532
6.9,Bachelor,120000
10.7,PhD,84911
17.4,PhD,64391
8.9,Master,55473
15.1,Master,92581
17.3,Bachelor,89477
6.9,Bachelor,98120
8.5,Master,70875
7.8,PhD,78597
16.8,PhD,46726
1.8,Bachelor,88006
6.9,Master,80198
,Bachelor,120000
11.7,Bachelor,101077
9.3,,86981
11.3,Bachelor,61871
4.8,Master,116037
9.2,Bachelor,43094
,PhD,66766
18.1,Master,120000
6.0,Bachelor,98011
17.5,Bachelor,82482
13.2,Bachelor,58370
1.4,Bachelor,104729
14.8,Bachelor,53233
1.7,Bachelor,60188
20.0,PhD,58621
17.6,PhD,61726
6.6,Master,120000
5.9,Bachelor,91897
8.2,Master,97193
7.8,PhD,120000
,PhD,59832
7.0,Master,40280
12.8,PhD,98026
,PhD,84197
17.1,PhD,91968
16.4,Bachelor,52678
10.1,Bachelor,88975
17.2,PhD,70708
,PhD,59264
1.3,PhD,62883
12.8,,71583
9.7,PhD,76833
11.8,,74555
18.1,Bachelor,120000
19.4,Master,116893
,PhD,92161
15.5,PhD,114228
2.6,Bachelor,120000
,PhD,70667
14.9,Master,85893
9.2,Bachelor,109555
9.5,PhD,94571
6.9,Master,68485
12.5,Bachelor,102277
4.5,PhD,65713
12.9,PhD,75717
4.3,,51187
2.2,Bachelor,61091
7.3,Master,46104
5.4,Master,108185
17.9,PhD,71416
,PhD,40000
4.4,Bachelor,46608
11.4,Bachelor,85719
10.1,Master,120000
1.9,PhD,52155
1.1,Bachelor,46967
19.8,Master,82108
13.5,Bachelor,86164
7.9,PhD,72519
9.9,Bachelor,57209
,PhD,84471
7.6,Bachelor,67352
13.3,Bachelor,120000
17.8,Master,40000
4.5,PhD,50934
17.0,Bachelor,108324
3.3,PhD,113236
5.1,Master,49179
1.7,PhD,120000
3.7,PhD,104484
18.4,PhD,73657
9.7,Bachelor,79909
2.5,Master,66499
19.2,PhD,57687
17.7,Bachelor,68327
15.3,Master,87376
18.7,PhD,110763
5.2,Master,74714
16.9,PhD,73587
14.1,Bachelor,77982
17.5,Master,100560
16.1,Master,108358
7.6,Master,68847
15.7,PhD,93873
6.0,Bachelor,75028
7.2,Master,105816
3.1,Bachelor,55109
18.8,PhD,63233
6.5,,77927
10.9,Bachelor,112387
8.4,PhD,86121
19.2,Master,120000
7.4,,53356
15.8,Master,86685
17.3,PhD,76761
,Master,93093
8.2,PhD,110385
15.2,PhD,116412
18.3,Master,101254
15.3,Master,97350
,PhD,119848
17.9,Bachelor,81599
8.4,PhD,107833
11.9,Bachelor,116424
16.8,PhD,92769
4.6,Master,97152
15.9,Bachelor,71131
12.3,Master,61570
18.0,Master,86700
4.3,PhD,63310
9.0,Bachelor,76859
16.8,Master,118420
1.4,PhD,44197
3.1,Bachelor,49289
19.8,Master,89872
6.3,PhD,74999
19.5,Bachelor,73407
4.5,,84348
7.9,PhD,51942
15.3,PhD,57629
13.5,Master,113329
12.0,Bachelor,58810
11.1,PhD,86469
17.0,Master,117223
5.5,Bachelor,104294
9.4,Master,55429
4.0,PhD,79787
12.3,PhD,107705
5.8,PhD,101463
7.3,Master,96989
10.0,Bachelor,84435
1.5,PhD,51211
2.7,Bachelor,81856
14.0,PhD,99673
9.2,Master,90672
17.4,Master,46834
14.2,Master,52602
1.2,PhD,116218
12.7,PhD,64994
2.8,Master,72119
15.8,Bachelor,114360
19.8,Bachelor,80118
11.1,Bachelor,55825
,PhD,83094
5.5,PhD,88315
9.3,Bachelor,80251
17.3,Master,120000
4.2,Bachelor,70193
,Bachelor,94807
9.5,Master,46317
14.5,PhD,76695
8.1,Bachelor,109488
18.6,Bachelor,55782
2.8,Bachelor,91717
,Bachelor,52722
,PhD,51148
5.3,Master,86926
13.5,,108855
4.1,Master,53501
,Bachelor,112739
,PhD,55571
18.7,Bachelor,54713
,PhD,56005
16.1,Bachelor,56846
7.3,PhD,52128
12.3,,98714
10.4,Bachelor,89704
19.0,Bachelor,70588
,Master,120000
14.9,,79819
1.9,Master,61970
11.4,PhD,64382
9.9,Master,51041
18.6,PhD,93872
5.9,Bachelor,58842
6.1,Bachelor,84912
8.8,PhD,101291
,Master,89103
3.5,Bachelor,89788
17.3,Bachelor,59333
11.6,,42831
17.4,Bachelor,81925
16.8,PhD,64567
6.4,Master,49772
,Bachelor,87100
2.6,Master,70669
18.4,Master,99102
8.7,PhD,64321
8.5,PhD,120000
6.8,PhD,113343
9.8,Bachelor,42718
5.8,Master,85244
8.1,PhD,94475
16.2,PhD,104671
16.9,Master,85149
6.8,PhD,80512
9.9,Master,83831
,Master,68977
,PhD,120000
17.9,PhD,75399
5.2,Bachelor,42571
13.9,Master,59306
12.1,Bachelor,110600
11.5,Master,90179
17.3,PhD,112077
2.9,Bachelor,100994
7.6,Bachelor,102114
11.2,Master,91422
16.4,Master,57931
5.1,Bachelor,51663
16.3,Bachelor,81164
8.6,PhD,79716
4.6,Master,90143
15.4,Bachelor,88038
2.7,PhD,93922
10.8,Master,40000
2.2,Master,45931
7.8,Master,98521
12.4,Bachelor,54355
11.6,PhD,101156
8.7,PhD,97628
9.2,PhD,120000
5.3,Master,113033
9.7,Master,77309
19.1,Master,95465
17.2,,53020
3.8,Bachelor,70702
1.6,Bachelor,103733
18.7,Master,106039
11.0,PhD,80975
11.2,Bachelor,47507
15.8,Bachelor,106337
,PhD,71473
,Bachelor,119059
19.4,Master,102798
13.8,Bachelor,80384
,Bachelor,40170
,Bachelor,55536
4.9,Master,107476
15.6,Master,108290
,Master,94038
1.4,,85848
18.9,Master,100669
4.2,Master,78784
1.2,Master,88070
5.5,Bachelor,65679
5.5,Master,111245
9.0,Bachelor,91538
18.5,PhD,79555
17.7,Master,111143
9.7,Master,87704
8.8,PhD,59556
,Bachelor,51153
5.6,Bachelor,94138
2.0,Bachelor,108086
,PhD,116445
4.5,Bachelor,93144
,Bachelor,47225
10.0,Bachelor,51081
10.3,Master,74120
1.4,Bachelor,115677
3.8,Master,120000
8.2,Bachelor,61445
14.0,Bachelor,102430
5.3,Master,87858
9.0,Bachelor,42625
11.6,Bachelor,89444
17.9,Master,116553
7.2,Master,71948
3.5,Master,112277
10.3,Bachelor,59430
15.2,Master,50075
3.1,PhD,47064
,Bachelor,103676
1.3,PhD,76601
1.6,Master,107632
,Master,89514
6.7,Bachelor,76552
17.1,Master,108727
12.4,Master,77751
9.6,PhD,108136
8.8,Bachelor,54133
,Bachelor,87483
1.8,Master,92500
18.0,Master,117335
20.0,PhD,60117
4.4,Master,81655
3.3,Bachelor,68183
3.7,PhD,73518
13.6,PhD,58769
13.6,Master,59575
17.1,PhD,120000
15.3,Bachelor,105078
9.5,Master,76118
12.6,PhD,111806
14.1,PhD,52682
10.7,PhD,106594
10.0,Bachelor,113760
13.3,Bachelor,112840
11.6,Master,69077
13.2,PhD,108630
12.6,PhD,84269
,PhD,120000
13.2,Master,91071
10.9,,105324
14.0,Master,51138
9.5,Bachelor,89691
5.6,Bachelor,86238
1.0,Master,96936
11.6,Master,105994
12.2,PhD,120000
19.5,Bachelor,118850
7.9,Master,48159
8.5,Bachelor,106321
4.8,Master,52650
2.3,Master,88604
15.7,Master,112181
5.7,Master,42713
12.6,PhD,113198
14.1,Master,114089
,Bachelor,87171
17.7,,69261
9.4,Bachelor,76356
6.4,Bachelor,120000
18.0,PhD,56935
,Bachelor,90794
4.1,Bachelor,49321
1.5,Master,59431
2.7,Bachelor,106128
6.4,Bachelor,58638
19.5,,120000
11.6,PhD,89955
8.1,Master,76742
17.9,,52334
9.6,Bachelor,120000
7.0,Master,61248
18.9,Master,87890
17.1,Master,80833
17.0,PhD,75485
10.7,,95601
16.0,Master,99448
4.4,Master,50669
11.9,Master,86127
19.7,PhD,106427
6.5,Master,80256
16.1,Bachelor,66803
10.3,PhD,64864
1.8,PhD,60417
15.5,PhD,49625
4.2,Bachelor,67301
13.0,,93684
2.6,Bachelor,44446
19.0,PhD,100717
6.5,Bachelor,120000
,Bachelor,118397
3.5,Master,103736
19.0,Bachelor,70434
14.5,Bachelor,47663
15.1,PhD,106573
10.5,Master,44284
10.0,PhD,48605
3.1,Bachelor,77658
11.6,Bachelor,56183
5.7,PhD,106133
19.6,Master,105394
16.1,Bachelor,112244
,Master,114574
3.9,Bachelor,55272
15.9,Bachelor,107049
3.3,PhD,78486
4.6,PhD,100820
5.0,Bachelor,52756
11.6,PhD,108418
16.0,PhD,120000
7.0,Bachelor,40000
2.6,PhD,50341
9.8,Bachelor,50070
15.2,Bachelor,84767
5.2,PhD,64920
5.2,Bachelor,102352
19.0,Master,90236
19.1,Master,87291
19.8,PhD,116861
16.3,PhD,72536
4.6,Master,68542
5.0,Bachelor,107663
7.5,Bachelor,98257
7.0,PhD,52850
19.2,Master,52725
16.0,Bachelor,64898
14.8,PhD,66352
4.5,PhD,67891
18.3,PhD,95123
16.7,PhD,120000
4.1,Master,52738
17.6,Master,87674
6.2,Master,75462
2.5,Bachelor,78207
13.5,Master,98710
13.4,PhD,114953
2.8,Master,53783
7.1,Bachelor,48952
,Bachelor,90062
13.9,PhD,80682
,,61888
5.0,PhD,56631
2.5,PhD,91679
6.3,Bachelor,56303
5.7,Bachelor,119195
5.5,Bachelor,72986
4.7,PhD,68665
11.9,Master,92471
7.2,Bachelor,50191
16.6,Master,80987
4.5,Bachelor,76650
9.8,PhD,71442
1.3,Bachelor,108920
10.2,,52541
2.1,Master,116704
19.6,Master,105225
16.0,Master,80484
10.3,Master,57657
,PhD,63747
12.3,PhD,75942
15.4,Bachelor,84138
4.6,Bachelor,47967
11.8,Bachelor,114280
16.5,Master,51370
15.6,Master,68084
16.3,PhD,51184
17.7,PhD,67889
18.8,Bachelor,114351
8.7,PhD,83280
11.8,Bachelor,67182
16.0,Bachelor,118620
14.2,Bachelor,99044
19.9,PhD,99209
1.3,Master,113910
7.7,Master,97204
6.3,PhD,88120
6.0,PhD,67580
5.2,,70104
14.5,Master,86667
2.6,Bachelor,113136
15.1,Master,94807
14.2,Bachelor,120000
5.8,Master,72419
5.8,,100930
12.9,Bachelor,95377
15.5,Bachelor,92301
17.7,Bachelor,85320
17.2,Bachelor,63055
19.3,Bachelor,50215
12.0,Bachelor,120000
18.3,PhD,52857
16.4,Master,84461
18.0,Bachelor,74141
1.2,Master,75844
19.4,Master,112252
10.0,Bachelor,96719
16.2,Bachelor,120000
,PhD,74605
8.5,,81012
,PhD,112452
6.5,PhD,116913
3.3,Master,120000
16.3,,110719
1.2,Master,57015
6.9,PhD,49680
4.3,Bachelor,113549
12.2,PhD,112725
5.8,Master,105062
5.9,PhD,63104
10.3,Master,95008
13.4,Bachelor,71570
3.3,Bachelor,61636
4.3,PhD,71786
5.7,Master,117126
19.5,PhD,67195
8.5,Master,87996
12.4,PhD,78544
5.6,PhD,94187
10.3,Master,83645
2.4,PhD,120000
1.7,Master,55352
9.9,Bachelor,57625
,Master,105044
,Bachelor,74812
,Master,59212
19.9,Bachelor,88886
8.5,PhD,100099
12.9,PhD,48860
19.3,Master,73199
16.8,Bachelor,104969
9.8,PhD,89530
15.0,Bachelor,46959
3.4,Bachelor,61772
10.7,Bachelor,88107
6.3,Bachelor,58497
4.1,Master,109113
9.1,PhD,95657
3.5,Master,72275
14.3,Bachelor,109317
9.7,PhD,75983
11.1,Master,65168
3.8,Master,104802
3.7,Bachelor,86747
12.1,Master,63822
19.7,Master,73868
2.8,Bachelor,78953
,PhD,64797
,PhD,110662
2.4,PhD,96707
17.6,PhD,86776
11.0,PhD,87422
8.8,Master,64157
6.9,Bachelor,69229
6.6,Bachelor,48362
6.8,PhD,61750
17.8,Bachelor,70532
14.8,Bachelor,96709
13.7,Master,114187
16.2,PhD,69512
5.9,Bachelor,113501
12.7,Bachelor,114712
9.7,PhD,120000
15.9,Bachelor,114776
6.9,Bachelor,83566
,Master,89610
17.8,Master,50411
8.6,PhD,95105
,PhD,85417
10.8,Bachelor,79154
7.6,PhD,96937
13.8,Master,76953
,PhD,95741
10.2,Bachelor,70392
9.9,,108990
13.4,PhD,114728
3.0,Bachelor,110363
5.8,PhD,109977
,Master,43663
13.7,PhD,118419
1.3,Bachelor,59865
4.9,PhD,117370
14.0,PhD,62313
15.5,Bachelor,76079
17.0,Master,107147
6.6,PhD,97900
18.7,Bachelor,88133
11.5,PhD,101080
14.2,Master,89726
12.3,PhD,70890
3.3,Bachelor,87949
19.3,,55002
,PhD,97948
5.8,Bachelor,47349
16.5,Bachelor,95019
12.8,Master,68028
16.9,PhD,75648
10.8,Bachelor,73572
8.2,PhD,99380
18.5,Bachelor,120000
1.7,PhD,101535
17.3,Master,109062
5.4,Master,90156
17.1,PhD,79189
3.6,Master,45887
12.0,PhD,82723
17.9,,109108
10.0,,68216
15.2,Master,78789
16.3,PhD,69822
15.0,Master,68102
,PhD,50763
9.5,Master,91951
4.3,Master,75937
1.9,PhD,89587
5.7,Master,83118
3.7,Bachelor,101215
11.6,Master,95056
4.5,Bachelor,101947
1.7,Master,72171
1.7,Bachelor,72573
16.8,Master,118415
12.2,Master,48904
7.8,Master,54183
18.0,Bachelor,77747
2.3,PhD,99123
19.6,,42778
12.7,Bachelor,93239
4.5,Master,88144
13.9,PhD,83466
,PhD,83327
9.2,Bachelor,87901
17.4,Master,54131
3.9,PhD,55883
6.3,Bachelor,59951
2.8,PhD,100973
5.0,Master,83878
5.5,Bachelor,80720
18.4,Master,92637
2.5,Bachelor,79975
9.1,Bachelor,60501
11.1,Master,56379
,PhD,117907
20.0,Bachelor,99053
15.3,Bachelor,97692
19.4,Master,90950
,Bachelor,100576
19.3,Bachelor,99913
14.4,PhD,52495
2.5,Master,115456
8.6,PhD,65002
13.3,PhD,61667
7.7,Master,54672
6.2,PhD,100873
12.0,Master,90747
18.7,Master,97556
1.7,Master,109702
15.6,Bachelor,74842
14.7,PhD,89975
19.3,PhD,96121
18.7,Bachelor,120000
15.5,PhD,79984
10.9,Master,120000
4.9,Bachelor,54357
,Master,102943
15.5,Master,96632
18.0,PhD,108873
16.0,PhD,51813
4.7,PhD,44927
12.4,PhD,56016
7.3,PhD,88951
1.2,PhD,96336
,Master,120000
3.2,Bachelor,78373
17.0,Bachelor,57102
5.9,Master,63789
6.4,Master,40000
19.2,,109951
8.2,Master,111713
1.2,Master,120000
6.4,Bachelor,75786
3.3,Bachelor,43360
3.0,Bachelor,59703
2.5,Master,89937
12.3,PhD,117527
4.6,Master,49985
7.9,PhD,47830
17.4,PhD,101872
9.1,PhD,96152
18.4,Bachelor,62287
10.5,Master,104441
,Master,55728
15.3,Master,118558
2.4,PhD,57700
2.7,Master,41780
13.4,Bachelor,69692
10.3,Master,65344
16.0,Bachelor,92759
18.4,PhD,105335
8.4,PhD,83317
12.3,Bachelor,99333
10.5,Bachelor,69006
19.7,Bachelor,46647
16.8,PhD,120000
18.3,Master,117084
5.8,PhD,54513
15.7,Master,81970
6.0,Bachelor,101257
,Bachelor,58810
18.9,Master,95190
1.4,Bachelor,84357
19.3,Bachelor,56139
3.8,Bachelor,47965
16.6,,106923
6.2,Bachelor,67434
7.7,Master,66282
5.1,Master,98720
12.1,PhD,105868
7.6,Bachelor,64834
13.5,Master,115996
1.3,PhD,98532
2.2,Bachelor,61301
2.9,PhD,66763
9.0,,99127
16.5,Master,60721
17.9,PhD,79978
5.7,Bachelor,93716
11.9,Master,93680
15.6,,96976
6.5,PhD,90978
8.8,,63504
11.0,Master,72993
3.6,Master,82854
1.5,Bachelor,105929
3.9,PhD,94109
12.9,PhD,78898
2.4,Master,120000
4.6,Bachelor,50480
7.4,PhD,70582
2.5,Master,60438
4.6,PhD,59511
18.3,Bachelor,97569
1.4,Bachelor,44052
13.4,Master,49437
8.3,Master,66309
13.8,PhD,114172
12.2,PhD,117963
5.2,Master,109961
17.1,PhD,59476
10.3,PhD,92538
16.6,PhD,50320
8.7,Bachelor,73047
19.7,Master,117323
,Master,84750
19.4,PhD,61170
10.8,PhD,72928
10.0,PhD,53272
15.4,PhD,79484
17.7,Master,90209
19.3,PhD,83413
7.2,PhD,115668
16.2,PhD,85316
5.0,,115096
11.4,Master,101704
4.4,PhD,89327
7.6,Master,81062
18.7,Master,44728
3.8,PhD,99818
13.0,Master,78204
12.3,Master,50924
3.3,Bachelor,83549
7.2,Bachelor,101629
11.7,PhD,120000
4.6,Bachelor,77944
16.2,Bachelor,86964
19.5,Bachelor,116806
5.1,Master,67716
4.6,PhD,60411
9.6,PhD,68881
15.2,Bachelor,120000
6.4,Master,63795
1.4,PhD,72493
,Bachelor,80093
19.2,,113144
8.4,PhD,105751
9.0,Master,74700
19.4,Master,120000
14.2,PhD,65026
14.7,Master,54785
11.7,PhD,120000
,PhD,88678
14.1,Bachelor,62550
18.0,PhD,98482
14.3,Master,111989
,Master,108802
6.5,PhD,113675
6.8,Bachelor,94615
15.9,PhD,110082
,PhD,82707
11.7,Master,97124
,PhD,111879
16.5,PhD,85029
,Master,45283
16.8,Bachelor,75735
12.5,PhD,98737
4.6,Master,60020
11.3,Bachelor,54775
6.4,Master,67131
7.1,Bachelor,40161
7.7,PhD,117184
2.2,PhD,65142
19.7,PhD,61591
1.6,PhD,98320
13.6,Master,117240
8.1,Bachelor,40000
13.3,Master,55449
7.8,Master,119306
13.8,Bachelor,85230
14.9,PhD,120000
14.1,PhD,65124
3.2,PhD,63985
13.5,Bachelor,57998
6.3,Master,52340
1.5,Master,116186
8.9,Master,120000
9.2,PhD,114292
9.9,Bachelor,104804
14.4,PhD,114693
6.9,PhD,92794
7.0,PhD,105648
2.2,Master,60186
14.0,Master,72152
11.8,Bachelor,106095
7.6,PhD,112595
14.4,PhD,98806
,Master,113469
9.9,Master,74846
10.7,PhD,106136
13.1,Master,120000
13.5,Bachelor,54582
6.5,Bachelor,117473
3.7,PhD,88040
,PhD,102833
13.1,Bachelor,120000
17.6,PhD,75744
8.8,Bachelor,69648
4.2,PhD,86948
15.4,Master,40000
16.8,PhD,91020
17.7,Master,70662
12.5,PhD,120000
17.4,Master,52220
1.3,Bachelor,78410
3.0,PhD,120000
2.8,Master,115422
14.5,PhD,96732
2.3,PhD,91698
10.4,PhD,77848
,Bachelor,73561
6.9,Master,51466
17.5,Master,117438
4.2,PhD,66441
7.7,PhD,103180
15.7,Master,72166
1.6,,84559
13.8,Master,94030
16.5,Master,108536
18.7,PhD,64172
17.6,Master,83570
7.1,PhD,46259
12.1,Bachelor,47481
2.5,PhD,95226
5.9,Bachelor,55356
2.8,Bachelor,46298
7.0,Master,105162
17.6,Bachelor,83752
7.6,Master,57947
11.7,PhD,47029
9.2,PhD,48836
9.7,Bachelor,85925
19.4,Master,103375
6.6,Master,89339
12.9,Master,57616
9.0,Bachelor,88099
2.2,Bachelor,72286
10.3,Master,82649
16.5,Master,106521
2.9,PhD,74181
2.3,PhD,59936
,Master,113864
,PhD,66690
14.8,,63698
11.7,,108348
9.9,Master,98697
,Bachelor,104725
,Master,61618
,Bachelor,76829
16.5,Master,59082
13.2,PhD,84819
9.7,Master,71603
17.4,PhD,103031
18.6,PhD,51113
,Master,42716
2.0,Master,81934
19.2,Master,120000
6.3,PhD,120000
17.6,PhD,120000
8.4,Master,70359
3.3,PhD,46515
2.5,PhD,75564
,Master,106575
5.7,PhD,51080
10.3,Master,68853
14.3,Master,51059
19.7,Master,88998
,Master,65458
10.8,PhD,47967
10.9,PhD,79490
11.2,PhD,64415
10.8,Bachelor,90295
1.2,Bachelor,98589
1.0,Bachelor,43278
2.9,PhD,108822
,Master,42623
14.4,Bachelor,86075
4.9,Master,85501
18.0,Bachelor,120000
18.6,PhD,98766
19.5,PhD,67988
18.8,Bachelor,81899
6.2,Bachelor,82465
10.7,Bachelor,75495
4.3,Bachelor,56008
16.3,PhD,94479
17.9,Master,61407
17.2,Bachelor,98487
9.2,Master,97449
15.4,Bachelor,52601
2.9,Bachelor,109958
1.8,Bachelor,82140
15.3,Master,73552
9.1,Master,47064
19.9,Bachelor,97329
2.8,Master,64289
17.3,Bachelor,115706
10.1,Bachelor,48221
16.7,Bachelor,57520
16.5,Master,120000
18.4,Bachelor,120000
6.7,PhD,51166
19.0,Master,105651
3.9,Bachelor,53827
2.6,,95039
9.2,PhD,118346
16.7,PhD,53444
10.0,Bachelor,59024
16.8,PhD,49063
14.9,Bachelor,47157
5.0,Bachelor,48373
19.0,Bachelor,107227
2.2,Bachelor,68529
18.1,Bachelor,87085
6.8,Bachelor,96697
10.5,Master,85718
9.0,PhD,66696
4.3,Bachelor,40000
7.8,Master,91598
,Master,52836
4.9,Master,95302
4.6,Bachelor,56403
,PhD,86980
16.2,,89845
11.8,Master,97269
18.0,Master,65468
13.1,Master,67646
14.1,Bachelor,113342
13.7,Master,46797
9.5,,63987
14.1,Bachelor,92029
2.3,PhD,113607
17.3,PhD,64470
15.8,PhD,105572
5.7,Bachelor,79832
15.6,PhD,47478
1.2,Master,88076
5.1,PhD,115061
2.2,PhD,118609
15.8,PhD,46831
15.4,PhD,95616
16.5,Bachelor,79390
1.1,Master,46331
10.5,PhD,103820
14.4,PhD,69113
4.0,Bachelor,74736
13.3,Bachelor,66727
2.6,PhD,66586
4.4,Bachelor,90282
10.0,Bachelor,72813
13.4,PhD,89793
,Master,63669
4.5,Bachelor,88997
4.9,Bachelor,98082
5.5,Master,63934
5.3,Bachelor,88932
8.5,Bachelor,97229
13.4,PhD,92154
9.3,PhD,75108
15.7,Bachelor,96947
14.7,Master,48877
3.4,Master,71808
1.9,PhD,86305
,Bachelor,54734
2.5,PhD,86723
3.8,Bachelor,94006
1.4,Master,105952
12.9,Master,57736
12.1,PhD,120000
19.8,PhD,93648
17.9,Master,73522
8.8,PhD,61499
8.1,Master,93595
6.6,PhD,119106
3.9,Bachelor,76449
3.6,Master,97451
3.5,Bachelor,76526
,Bachelor,70835
5.6,PhD,69143
,PhD,105143
19.3,PhD,70922
12.0,PhD,62617
19.8,PhD,84852
8.1,PhD,110770
9.7,Bachelor,106132
7.2,PhD,72067
,,113522
3.7,,48114
19.0,Master,48549
19.7,PhD,54666
1.9,Master,50114
3.9,PhD,51538
9.0,PhD,97777
4.5,PhD,91090
7.9,PhD,98308
3.5,PhD,101776
9.7,Master,99239
6.2,Master,58672
7.7,Master,83726
2.8,PhD,89432
,Master,120000
,PhD,70348
7.2,Bachelor,47628
17.7,PhD,103330
,Bachelor,104639
,PhD,68008
16.0,Master,86388
13.5,PhD,50497
17.3,PhD,120000
2.4,PhD,51915
9.8,PhD,48886
19.8,Master,53064
15.6,PhD,82106
19.3,Master,57300
15.8,PhD,109523
17.6,,117791
,Master,66045
15.4,Bachelor,97429
10.9,Bachelor,58886
,Bachelor,71559
16.7,Master,70154
17.0,Master,58910
13.8,PhD,98613
6.8,Bachelor,49087
1.7,PhD,111767
18.8,Master,101103
12.1,Bachelor,98041
6.7,PhD,110918
3.8,PhD,120000
16.8,PhD,96368
16.9,Bachelor,84047
16.5,Master,68806
,,104660
8.0,PhD,90261
6.8,Master,120000
1.2,Master,65261
16.8,Master,76613
2.7,PhD,60392
13.0,Master,108356
10.6,PhD,59068
11.0,Bachelor,75133
18.6,Bachelor,85882
,Master,56883
15.7,Master,85030
2.0,PhD,87978
1.7,,46480
9.2,Master,86457
2.2,Master,112168
16.0,Master,120000
11.1,Master,83810
1.6,Master,83497
1.8,,61419
12.6,Bachelor,120000
16.3,Bachelor,71217
9.3,,78473
11.5,Master,45927
,Bachelor,70718
12.6,Master,51946
5.3,Master,106026
12.6,Master,94767
12.9,,94495
14.9,PhD,72460
,PhD,104930
19.4,Master,42175
4.7,PhD,66977
19.1,Bachelor,100282
,Master,111038
13.8,Bachelor,64596
2.9,Bachelor,85480
8.2,,77320
15.6,PhD,112175
14.4,PhD,56580
,Master,79485
11.4,Bachelor,53765
2.7,Master,40000
19.9,Bachelor,45480
18.0,PhD,120000
1.4,Bachelor,57813
17.3,Master,120000
18.5,Bachelor,61011
,Bachelor,118226
14.7,,102736
9.4,Bachelor,60071
13.4,PhD,96078
7.5,Master,69243
,Bachelor,72922
9.1,PhD,75714
3.8,Bachelor,73047
16.8,PhD,101424
7.6,Master,112158
8.6,PhD,69763
18.0,PhD,120000
,PhD,120000
11.3,Bachelor,52863
19.2,Master,51836
17.8,Bachelor,82391
4.2,Master,94905
10.0,Master,70898
19.5,Bachelor,71922
8.1,Bachelor,107355
8.1,Master,100150
4.7,Master,58613
3.2,Master,111011
15.1,Bachelor,100760
15.6,Bachelor,64055
19.4,Bachelor,104654
15.7,Master,49922
5.6,Master,86252
1.8,Master,65460
19.7,Master,43469
7.5,Master,70564
6.9,,50306
18.2,Master,88999
,Master,98523
5.1,PhD,59601
17.9,Master,52611
19.9,,111664
2.6,PhD,40000
17.4,Master,74849
8.4,Bachelor,74623
11.0,,103156
18.4,Bachelor,107620
,PhD,112094
6.0,Master,65802
5.0,PhD,103727
2.5,Bachelor,56160
11.7,,60239
,Master,78809
8.8,Bachelor,103769
2.4,Master,57450
8.7,Bachelor,50194
1.8,PhD,109932
,Bachelor,113034
5.0,Master,83258
7.2,Bachelor,72246
17.5,Bachelor,110548
15.2,PhD,103939
5.2,PhD,87850
,Bachelor,66539
14.6,Bachelor,55968
8.4,,88352
15.6,Bachelor,60798
9.5,Master,75927
7.6,PhD,85221
9.6,Master,60221
15.2,Master,113094
18.1,Bachelor,57857
,Master,74882
11.0,PhD,104317
,,81627
,Master,73883
17.8,Bachelor,78215
7.9,PhD,119719
18.7,Master,113876
13.0,PhD,96140
18.7,Master,105978
15.4,Master,48189
,Master,117912
5.4,PhD,113909
8.5,,103331
4.2,PhD,105573
10.4,PhD,89048
10.0,PhD,61697
,Bachelor,113707
9.2,Bachelor,95365
15.9,PhD,95170
18.9,Bachelor,99101
17.7,,115030
5.0,,96162
10.4,Master,54591
7.6,Bachelor,85472
8.6,PhD,120000
7.9,Master,93386
16.7,PhD,118955
9.6,Master,108661
11.0,PhD,105740
,PhD,70715
2.1,PhD,73624
10.3,Master,93131
15.7,,78038
3.9,Bachelor,104910
12.6,Master,100531
5.5,Bachelor,57135
17.5,Bachelor,101848
7.2,PhD,87395
7.3,PhD,77129
12.4,Master,81292
,Bachelor,120000
6.4,,80486
8.9,Master,70852
7.7,Bachelor,72797
11.0,Master,68119
,PhD,79225
11.8,Master,54434
13.4,PhD,103123
6.8,Bachelor,63401
3.4,Master,86650
15.5,Bachelor,69750
,Bachelor,120000
5.9,Master,80167
8.7,Master,107872
10.5,Bachelor,102197
11.1,Master,95692
13.5,Bachelor,103838
1.8,PhD,40679
14.7,Master,102917
2.2,PhD,62802
9.9,PhD,118507
16.7,PhD,118338
9.6,PhD,120000
3.8,PhD,61197
19.7,Bachelor,81859
17.9,PhD,78689
15.7,Bachelor,52802
,Master,58370
4.5,,69683
18.9,PhD,120000
11.1,Master,90126
17.2,Bachelor,90445
7.5,Bachelor,81321
7.4,PhD,101915
19.7,PhD,120000
10.9,Bachelor,92666
3.7,Master,40000
5.2,,75745
10.2,Master,120000
1.8,PhD,76318
9.8,Bachelor,94797
9.0,Master,53145
15.8,PhD,61867
7.7,Master,112981
19.7,,71961
4.4,Master,69015
12.2,Bachelor,72091
2.7,Bachelor,116351
14.9,Bachelor,54221
19.9,Master,120000
16.6,Master,79838
11.6,Bachelor,105791
10.2,Bachelor,116772
,Master,71785
18.8,Master,57983
,PhD,60731
8.5,Bachelor,109450
19.8,Master,65509
4.0,Master,63562
5.8,Master,58453
2.7,PhD,74848
6.2,Bachelor,53125
15.6,Bachelor,115981
17.2,PhD,114813
15.8,PhD,77713
13.0,Bachelor,87313
10.8,Bachelor,95563
14.5,Master,108906
8.4,PhD,90849
17.0,PhD,94685
13.9,Bachelor,102075
,Master,95159
11.2,Master,74619
17.8,Bachelor,73965
,,64447
8.2,Master,83726
15.8,,83775
10.4,PhD,86402
,Bachelor,66885
7.6,Bachelor,109319
8.0,Master,48561
17.9,Bachelor,100435
9.8,Bachelor,91438
10.8,PhD,75411
7.3,Bachelor,74887
,Bachelor,104858
13.5,PhD,80589
3.3,Bachelor,114079
17.7,Master,111481
15.8,,98567
4.6,,106090
14.2,PhD,90757
12.5,Master,78355
4.5,Bachelor,120000
6.2,Bachelor,60449
8.8,Bachelor,61215
14.3,Master,68829
13.1,PhD,93728
11.1,PhD,49061
15.6,PhD,120000
15.4,Master,80469
12.7,Bachelor,109566
16.0,Bachelor,60287
7.4,Bachelor,75268
,Master,46226
12.7,PhD,65588
,Bachelor,87053
11.4,Bachelor,120000
,Master,73090
11.3,PhD,93895
8.1,PhD,79113
14.3,Bachelor,52555
10.0,Master,90429
,Master,44967
13.9,,118440
14.0,PhD,100271
5.1,Master,77743
19.7,Master,100739
17.0,Bachelor,49456
,PhD,111675
,Master,111183
11.2,PhD,113225
3.6,,62926
11.2,PhD,67419
3.8,,82444
11.5,Bachelor,117165
13.3,Bachelor,120000
,Master,70327
,Bachelor,102904
17.6,PhD,120000
3.1,,70426
16.0,Bachelor,116879
4.2,,60717
1.7,Bachelor,74106
4.5,,57796
15.5,PhD,83999
8.7,Master,109194
17.6,PhD,97390
11.0,PhD,66589
1.4,PhD,65161
14.6,Master,88076
3.1,Bachelor,86960
16.0,PhD,90140
4.2,Master,45836
7.6,PhD,102000
15.5,Master,118507
19.1,Master,88674
8.1,Master,100695
16.8,PhD,120000
4.6,PhD,99592
16.3,PhD,100690
13.5,,102437
4.7,Bachelor,61367
6.7,Master,97840
3.5,PhD,108967
8.3,Bachelor,69164
4.9,PhD,112501
13.2,Master,96840
19.9,Master,84055
1.2,Bachelor,95635
11.3,Bachelor,73617
11.9,PhD,108043
18.4,Bachelor,80185
10.6,Master,120000
,Master,96083
10.0,PhD,103001
6.1,PhD,118338
2.1,Master,57890
,Bachelor,96859
2.0,Bachelor,49964
11.5,PhD,114495
6.8,Master,93033
,Master,120000
3.6,Master,108850
18.7,PhD,59899
18.0,Bachelor,53746
4.6,PhD,98746
7.5,Master,78418
12.7,Master,59872
2.8,Bachelor,45057
7.7,Bachelor,83258
5.8,Master,44588
18.4,Master,120000
17.2,Master,117766
12.0,Master,112300
10.9,Bachelor,44716
18.7,Bachelor,50361
18.7,Master,97429
,PhD,120000
3.4,Bachelor,68495
4.1,Bachelor,76213
13.9,Master,60484
11.3,Bachelor,98548
1.4,Bachelor,89859
2.2,Master,47519
17.9,PhD,84082
17.5,PhD,103900
7.8,Bachelor,86000
17.9,Bachelor,92097
12.3,PhD,102258
16.3,Bachelor,94997
9.1,Bachelor,89980
3.2,Bachelor,115226
9.2,PhD,116404
,Master,76794
11.5,PhD,62399
3.0,Master,102710
19.8,PhD,73339
5.6,Bachelor,112672
4.8,PhD,54069
11.0,Master,117870
11.2,PhD,91807
9.4,PhD,102245
15.7,Bachelor,77575
10.8,Master,120000
12.6,Bachelor,64052
14.8,Bachelor,66939
1.5,Master,42731
11.8,Bachelor,120000
17.8,Master,84110
1.3,Master,95564
8.7,PhD,103079
18.6,PhD,109460
7.7,PhD,98001
9.7,Master,83386
19.6,PhD,105849
4.8,Master,99396
2.2,PhD,55255
17.3,,50296
17.5,PhD,59816
10.0,Master,71035
10.8,Bachelor,79958
16.9,Master,103475
15.0,PhD,120000
6.0,Bachelor,58089
1.3,PhD,111186
10.1,PhD,96778
17.3,Bachelor,70569
18.0,PhD,100965
19.2,Master,119125
17.7,Bachelor,55008
12.0,Master,78440
9.4,Bachelor,42618
15.7,Master,66352
15.1,PhD,94043
11.2,Master,112964
2.7,PhD,100011
18.6,Master,81669
9.7,PhD,117193
7.9,,75584
13.0,Master,116537
13.8,Bachelor,79807
5.0,Bachelor,115071
16.9,,104658
6.5,PhD,120000
4.5,Bachelor,56107
8.7,Bachelor,92506
14.9,PhD,116555
19.3,Master,99902
16.4,PhD,75975
18.9,Master,51744
3.7,Master,61686
2.4,Bachelor,63354
11.6,Bachelor,120000
6.5,PhD,115871
16.7,Bachelor,53091
,Bachelor,116587
19.4,Bachelor,62645
,Bachelor,66224
10.2,Bachelor,57692
10.5,Master,113291
5.5,Bachelor,102669
12.2,PhD,74230
9.4,PhD,96904
9.5,Master,63702
7.9,PhD,67695
1.3,,72168
,Bachelor,59715
7.4,Master,118884
1.0,Bachelor,92313
6.9,,68153
6.3,Bachelor,62924
8.5,Bachelor,40000
3.5,Bachelor,68448
10.6,Master,78108
14.2,PhD,71233
13.0,Bachelor,96285
16.3,Master,85263
9.6,PhD,70281
,PhD,117544
16.4,Master,73443
9.1,PhD,73231
14.3,Bachelor,79346
9.3,Bachelor,64423
8.9,PhD,61240
15.4,PhD,65130
4.3,Bachelor,116637
7.4,PhD,109088
5.3,PhD,95210
7.8,PhD,83131
5.4,Master,88771
12.0,Master,67031
16.2,Master,53497
15.9,PhD,79413
,Bachelor,89703
19.8,PhD,52927
,Bachelor,44061
8.6,Master,58609
16.9,Master,72481
14.9,PhD,74260
15.2,PhD,48578
4.7,PhD,71714
9.9,Bachelor,66542
17.4,Master,49511
10.6,Master,70605
,Master,42545
12.2,Master,107223
17.0,PhD,69235
6.4,PhD,73610
11.9,Master,45999
3.3,Master,58540
14.1,PhD,72059
14.9,Bachelor,115116
1.8,Master,108124
13.8,PhD,51499
8.9,Bachelor,94337
,Master,63343
,Bachelor,53528
,Bachelor,94803
8.9,,65862
8.3,Master,71436
15.0,Master,102383
15.7,Bachelor,90017
12.5,PhD,120000
1.4,PhD,110252
18.7,Master,111823
14.0,,71592
1.6,Master,41220
,Bachelor,96474
4.8,Master,120000
12.0,Bachelor,77682
9.9,PhD,120000
9.0,Bachelor,55993
17.9,Master,61815
9.3,PhD,56637
2.4,PhD,78422
19.0,Bachelor,102907
18.5,Master,70123
14.0,Bachelor,116704
9.9,PhD,96625
2.8,Master,74808
16.0,PhD,105118
2.4,Bachelor,45838
2.3,Master,105777
11.2,Master,70414
4.0,PhD,66232
1.1,Master,82556
9.0,PhD,111689
3.6,Master,89793
4.0,PhD,101092
2.5,PhD,114956
4.9,Master,57803
14.6,Bachelor,111257
,PhD,76207
9.6,PhD,55439
10.6,Bachelor,66272
1.6,Bachelor,58499
2.3,Master,56075
5.9,PhD,79769
11.3,Bachelor,55566
15.1,Master,104385
12.5,PhD,89851
8.5,Master,107091
3.2,PhD,73153
15.8,Master,112003
7.9,PhD,52783
15.0,Master,96573
10.7,Bachelor,66920
15.0,Master,86313
,PhD,68951
18.5,Master,109103
11.2,Bachelor,113046
10.7,Bachelor,106961
6.0,Master,56185
18.8,Master,59521
9.7,PhD,120000
3.4,Master,83963
9.2,Master,111224
3.4,PhD,84439
10.5,Master,120000
11.7,Bachelor,114414
7.4,Master,90976
2.4,Master,48191
18.9,PhD,73848
,Master,115767
16.9,Master,110803
8.0,PhD,60420
15.5,Master,85410
,,114775
4.8,Bachelor,92760
3.4,Master,108544
7.6,,110391
3.6,Bachelor,107546
20.0,Bachelor,54893
1.9,Bachelor,48457
9.4,PhD,51643
9.6,Bachelor,116556
6.7,Master,79950
11.9,Bachelor,59253
3.8,Master,77200
15.9,Master,81463
7.3,Bachelor,115930
12.2,Bachelor,109594
14.6,Bachelor,99419
17.9,PhD,49494
16.9,PhD,120000
12.6,Bachelor,59970
8.4,Bachelor,87644
10.6,PhD,52608
15.6,Bachelor,43371
17.7,Master,48264
3.0,Master,82700
8.3,Master,93935
15.7,Master,51203
,Master,65734
,Master,103603
8.8,Master,46304
12.5,PhD,66364
20.0,Master,78664
10.4,Bachelor,113306
5.0,PhD,64936
4.1,Master,120000
1.8,Master,72199
11.6,Bachelor,71021
11.3,PhD,58160
4.9,Bachelor,93788
14.2,PhD,79418
15.1,,90669
5.9,PhD,60836
,Master,73195
19.8,Master,109214
8.1,PhD,108171
15.5,Master,56373
,Master,81097
16.1,Bachelor,98596
15.6,PhD,51744
,Bachelor,80849
17.2,Master,70897
18.8,Bachelor,81186
12.0,Bachelor,103901
5.5,PhD,69634
8.6,Bachelor,41675
15.4,Bachelor,59735
13.4,Bachelor,114741
4.4,Master,111591
2.0,PhD,41933
14.0,PhD,80481
5.8,Bachelor,59961
10.5,Bachelor,97217
15.2,Bachelor,81239
11.7,Bachelor,120000
2.6,PhD,67734
4.5,Bachelor,90579
5.2,PhD,96901
5.9,PhD,112375
11.7,PhD,91160
10.6,Bachelor,100958
4.9,Bachelor,66485
,PhD,71675
4.3,Bachelor,116562
19.7,Bachelor,120000
9.9,Bachelor,102039
17.5,Master,77268
,Bachelor,120000
10.7,Master,51056
,Bachelor,58739
4.7,Bachelor,94654
14.1,PhD,69871
6.2,Master,120000
16.8,Bachelor,79262
2.6,Bachelor,74877
15.7,PhD,104272
2.9,Bachelor,99711
17.7,Master,85956
,PhD,62560
13.4,PhD,113719
10.3,Bachelor,65661
,Master,47909
13.3,Master,94468
19.0,Bachelor,54922
1.8,PhD,120000
,Bachelor,92677
12.6,Bachelor,120000
16.3,Bachelor,77677
8.3,Master,120000
10.0,PhD,53691
17.5,Master,46589
8.9,,50483
11.2,PhD,91676
1.4,Master,48631
4.0,Bachelor,81346
13.2,Master,64811
14.6,Master,70908
12.1,Master,92402
3.7,Bachelor,54293
9.5,Master,98110
7.7,PhD,90229
10.4,Master,112770
17.5,Bachelor,79138
15.7,Bachelor,119031
2.6,,85484
17.9,Bachelor,120000
10.0,Master,44396
15.1,PhD,117565
3.7,Master,112592
,Bachelor,48449
5.5,Bachelor,89808
9.3,Bachelor,95168
1.3,Bachelor,91431
3.9,Bachelor,48834
,PhD,98919
5.6,PhD,52357
,Master,111206
14.1,Bachelor,45590
1.6,,56372
12.7,Master,72562
3.7,Master,95553
19.0,Bachelor,120000
18.7,PhD,59519
5.3,Bachelor,59917
12.7,Bachelor,77239
1.5,Master,103032
18.7,Bachelor,85921
10.9,Bachelor,71269
1.8,,92756
7.5,Bachelor,63255
2.5,PhD,73996
8.5,Bachelor,62317
13.7,PhD,107968
9.9,Master,120000
,Master,105745
3.3,Master,77117
,Master,90034
2.9,Master,57823
16.3,PhD,103960
3.6,PhD,97803
12.3,Master,109092
,PhD,63596
5.3,Master,105574
13.1,Master,105952
9.7,Bachelor,66082
8.6,Bachelor,94747
12.3,PhD,119812
10.3,Master,120000
6.8,PhD,103023
11.6,PhD,53311
13.7,,106785
1.5,Master,90435
,PhD,73398
,Master,49037
4.5,PhD,56393
11.6,Master,45373
17.5,Master,101909
17.8,PhD,63563
2.3,Bachelor,50267
9.0,Bachelor,76148
12.1,Master,79186
3.8,Master,60055
15.5,Master,53822
15.1,Bachelor,57753
18.2,Bachelor,104584
,PhD,54973
5.1,Bachelor,90189
,PhD,56354
13.7,Bachelor,53869
18.0,Bachelor,68381
2.1,Master,46918
12.3,Bachelor,55707
11.8,PhD,73024
1.7,PhD,69647
,Bachelor,111846
12.6,Bachelor,48064
4.6,Master,111472
6.2,Master,99570
13.2,Bachelor,116379
9.9,PhD,64140
17.3,Master,108986
7.5,,63352
,PhD,56013
19.7,PhD,60722
,PhD,120000
1.6,Bachelor,64714
15.6,Master,120000
3.1,Master,70045
1.5,Master,111254
6.2,,120000
6.1,PhD,117612
16.6,PhD,87154
14.5,Master,115840
,PhD,120000
14.5,PhD,71146
8.9,Master,82603
14.3,PhD,97184
20.0,Bachelor,64720
,Bachelor,108028
15.5,Bachelor,50196
18.8,Bachelor,92477
,Bachelor,52534
14.4,PhD,64117
17.2,PhD,69164
19.1,Master,117017
5.0,Bachelor,58151
10.6,Bachelor,105514
13.9,,106317
5.7,PhD,81820
12.4,PhD,58801
5.9,Bachelor,52608
7.3,Bachelor,81334
9.4,PhD,42167
11.1,Bachelor,88716
9.5,Bachelor,116097
10.4,Master,50430
6.7,Bachelor,85837
4.0,Master,120000
1.9,Master,110433
4.7,PhD,115669
12.1,Master,111722
,Bachelor,62465
,PhD,120000
3.1,Master,116498
15.2,Master,79170
6.8,Bachelor,67844
,Master,79337
14.6,PhD,77863
,Bachelor,55749
6.5,Bachelor,104527
11.0,PhD,86621
2.5,PhD,83816
,Master,40257
4.3,Bachelor,104422
15.7,Master,62040
10.8,Bachelor,46807
1.2,Master,99200
13.8,Master,79703
9.1,Master,47426
10.7,Master,75273
5.1,PhD,103305
11.5,Master,100426
19.6,Bachelor,79979
2.4,PhD,60931
6.4,,97022
5.6,Master,106798
5.7,Master,102246
,Bachelor,106995
16.5,PhD,94797
18.3,PhD,109676
4.8,PhD,120000
11.3,Master,101505
13.1,Bachelor,112115
10.9,PhD,92002
9.2,Bachelor,107500
4.6,Master,87117
10.3,Bachelor,112910
8.6,PhD,48955
16.1,Bachelor,94758
15.5,PhD,118568
3.5,PhD,62496
2.7,PhD,96662
18.3,Master,111643
11.2,PhD,69284
17.3,,76622
2.1,Master,79200
11.0,Master,87838
11.2,Bachelor,50324
17.4,PhD,55344
2.9,Bachelor,40000
5.6,Bachelor,59802
8.7,Master,68307
,PhD,100436
18.8,Bachelor,94938
19.9,Master,106361
19.2,,54257
1.1,PhD,78717
1.9,Bachelor,60794
3.8,PhD,119306
,Bachelor,102982
16.8,Master,119304
18.0,PhD,56656
4.5,Bachelor,101529
12.8,PhD,94761
18.4,Bachelor,108200
9.8,Master,91901
3.0,Bachelor,90558
9.7,Bachelor,48953
8.1,Master,95971
12.0,Bachelor,59333
9.3,Master,47008
1.3,Bachelor,54129
19.9,Bachelor,116748
11.3,Bachelor,76166
10.0,PhD,113088
,PhD,120000
4.0,PhD,113784
4.6,Master,109655
,Master,120000
6.0,PhD,71776
16.2,PhD,61156
6.2,Master,91996
1.6,PhD,77010
10.8,PhD,54448
4.7,,96788
15.4,Master,92204
13.2,PhD,114399
18.5,Master,94306
15.9,PhD,94480
4.4,Master,79841
16.2,PhD,91002
13.2,PhD,120000
13.7,PhD,60913
16.8,Bachelor,89755
,Master,100396
9.9,Master,84932
13.1,Master,64984
6.7,Master,62896
4.5,Bachelor,59245
12.7,Master,72557
5.4,PhD,119708
2.5,Master,79019
1.0,Master,60575
12.6,Bachelor,79916
7.9,Master,53414
15.3,PhD,119858
8.1,PhD,79278
,Bachelor,115853
8.7,Master,66194
13.4,Bachelor,102987
7.8,Master,65384
19.3,,57976
18.8,PhD,55006
17.1,PhD,102341
18.5,PhD,80747
,Master,80554
11.2,PhD,111528
15.1,Master,73258
14.2,Bachelor,65447
17.9,Master,108604
14.6,PhD,85106
20.0,Master,111434
7.6,,72479
16.8,Bachelor,72659
,,61009
14.1,PhD,117692
7.2,PhD,120000
15.9,Master,119034
18.1,Master,78428
,PhD,108374
12.9,PhD,81220
8.5,Master,85027
19.8,PhD,116671
10.1,Bachelor,56576
5.3,Bachelor,62671
8.3,Master,73383
13.4,Master,109920
2.4,Bachelor,72470
12.5,Bachelor,75636
,PhD,120000
17.2,Master,75610
2.3,PhD,65392
19.9,Bachelor,94369
14.3,Master,108499
4.1,Bachelor,48673
1.2,PhD,94859
4.3,Bachelor,46484
,Bachelor,83215
1.4,PhD,56890
5.4,Master,71673
15.4,Master,79775
,PhD,116740
15.9,PhD,100114
15.2,PhD,120000
2.0,Master,95957
18.0,Bachelor,47681
5.3,,69284
11.5,PhD,118699
13.2,PhD,103499
4.2,PhD,116807
19.5,Bachelor,52899
10.3,PhD,64125
2.1,PhD,74727
18.8,Master,75796
12.1,Master,62926
,Master,80105
,Master,102524
,Master,67998
1.6,Master,49833
6.1,Bachelor,95084
9.9,Bachelor,85171
2.5,Bachelor,88410
14.4,Master,75257
8.5,Bachelor,112474
6.2,PhD,79164
,PhD,120000
14.7,Bachelor,95492
,Master,59044
8.5,Master,65349
,Master,87616
,Master,85396
12.8,PhD,99772
1.2,Bachelor,49631
10.3,Bachelor,97414
13.2,PhD,113684
18.4,Bachelor,113882
8.2,PhD,90542
15.5,Bachelor,117490
12.4,PhD,79045
18.6,PhD,60067
8.6,PhD,107859
7.1,PhD,66006
17.9,Bachelor,105949
,PhD,64074
3.6,PhD,49441
2.6,PhD,57989
17.0,Master,73569
1.2,Master,43924
17.4,Bachelor,62129
,Bachelor,102030
1.1,Bachelor,100384
8.6,PhD,116588
4.5,Bachelor,115487
12.9,PhD,74328
13.9,Bachelor,112521
10.3,Bachelor,82998
1.8,Master,81262
13.5,PhD,93201
17.0,PhD,57901
14.7,Master,108482
16.8,PhD,86327
,Bachelor,52000
,PhD,61272
7.1,Master,57809
1.3,Bachelor,118017
17.0,PhD,120000
,Bachelor,70425
13.5,PhD,74839
5.4,Bachelor,61662
5.8,Master,120000
9.9,Bachelor,55717
18.1,PhD,120000
3.8,PhD,92366
16.7,Bachelor,111915
6.5,Master,89698
16.4,PhD,104202
18.5,Master,99313
9.1,PhD,114824
7.9,,111060
16.2,Bachelor,90830
11.1,PhD,92076
14.0,Master,115944
12.8,Master,119445
3.9,Bachelor,95295
,Master,50804
4.7,Master,54307
18.7,Bachelor,120000
5.8,Bachelor,43653
,Bachelor,60388
6.4,PhD,58937
7.0,Bachelor,96505
6.9,PhD,88688
15.2,Master,74988
11.6,Master,68852
17.8,PhD,111569
6.8,Master,119841
14.1,Bachelor,48647
15.3,Master,55158
3.9,Master,91856
8.6,Bachelor,106198
10.2,PhD,118476
7.8,PhD,97705
7.1,Master,115647
14.0,Bachelor,65144
5.1,Master,50191
,Master,97159
,PhD,106899
11.7,Bachelor,96698
12.6,Bachelor,120000
2.3,Bachelor,103843
17.4,Master,98384
6.4,PhD,53705
12.7,Bachelor,46688
19.6,PhD,106643
12.3,Master,60780
14.8,Master,55837
9.5,Master,120000
2.1,PhD,111659
16.2,Bachelor,53928
1.7,PhD,106134
14.3,PhD,52385
1.4,Master,64360
17.4,PhD,107145
4.0,Master,103094
10.8,PhD,40000
12.3,PhD,70750
,Bachelor,62330
7.5,PhD,120000
9.9,PhD,98765
6.9,Master,74312
9.3,PhD,41844
7.8,Bachelor,90662
11.8,Master,94683
5.5,PhD,111208
19.8,PhD,74482
10.5,PhD,120000
4.7,PhD,74789
10.1,PhD,63235
17.5,PhD,73256
1.4,Bachelor,78308
13.9,Bachelor,114979
11.4,Master,110957
4.2,PhD,91170
16.5,Master,69336
8.0,Master,55832
6.6,Bachelor,76296
16.7,Bachelor,99265
13.1,PhD,112133
18.1,PhD,60833
13.0,Bachelor,54697
15.1,Master,75003
16.9,Bachelor,113874
2.0,,94161
15.7,PhD,70375
12.7,PhD,68563
2.3,Master,52362
10.7,Master,80026
2.6,Bachelor,115163
15.0,Bachelor,120000
11.4,Master,82094
19.1,Bachelor,56730
4.5,PhD,88888
,PhD,107980
5.0,Bachelor,43500
12.7,PhD,115261
14.7,PhD,103924
14.7,PhD,85079
16.5,Master,99777
17.2,Bachelor,102503
2.5,Bachelor,91016
7.5,Master,44970
14.1,Bachelor,53703
10.5,Master,68616
4.6,PhD,103169
,PhD,75640
8.7,Bachelor,86357
8.4,Bachelor,105312
,Master,76510
8.7,Bachelor,106300
1.5,Bachelor,85611
2.1,Bachelor,67826
17.3,Bachelor,68400
19.3,Master,115214
14.1,Bachelor,109296
7.9,Master,41049
18.8,Bachelor,120000
13.6,Bachelor,103656
17.0,PhD,68663
15.6,Bachelor,43619
,PhD,75230
10.1,Bachelor,97483
4.5,Bachelor,93306
6.5,Master,59931
15.8,Bachelor,83049
18.0,Bachelor,62985
,PhD,42335
9.8,Master,93589
2.6,PhD,69811
2.1,Bachelor,91466
8.1,PhD,120000
9.8,PhD,62321
12.6,PhD,42639
1.1,Master,49052
19.8,,85176
7.9,Master,98806
17.1,Bachelor,87244
11.2,Bachelor,67617
3.5,Bachelor,65138
16.2,,74660
,PhD,70476
11.0,PhD,89290
10.8,Master,50986
2.7,,106563
13.5,,85603
18.3,PhD,76124
2.8,Bachelor,84605
6.0,Master,120000
18.1,Master,50089
6.4,Master,55567
13.4,Bachelor,76076
11.2,Bachelor,97990
12.3,Master,66735
8.9,Bachelor,120000
6.7,Bachelor,91062
1.9,Master,110307
15.1,Master,67716
15.2,Master,116217
,Master,66060
13.2,Bachelor,53158
5.6,PhD,107588
1.4,Master,40000
16.4,PhD,120000
10.3,Bachelor,83705
6.8,Master,116957
2.9,Bachelor,83507
,Bachelor,108588
7.6,Master,46846
16.3,Master,96695
18.5,Bachelor,103974
18.0,PhD,107750
18.5,Bachelor,52788
18.2,Master,80595
11.0,PhD,84506
5.2,Master,51846
16.2,Bachelor,78512
5.1,Bachelor,112380
6.1,PhD,71488
5.4,Bachelor,75658
10.8,Bachelor,116283
7.1,Master,44894
3.9,Bachelor,90855
9.6,Master,99953
17.6,Master,101482
11.8,Bachelor,98414
17.7,Bachelor,103180
4.7,Master,54447
4.2,PhD,81190
11.9,Master,108841
9.8,Bachelor,49077
13.5,PhD,46874
16.1,Master,119191
15.3,Bachelor,101979
18.9,Bachelor,74078
8.6,Bachelor,120000
4.9,Bachelor,106874
11.5,Master,117373
3.1,Bachelor,109310
6.5,Master,84006
4.9,Master,103181
8.5,Bachelor,93732
3.1,Bachelor,111127
1.6,Master,102033
13.5,Master,59916
12.6,Bachelor,68352
14.5,Master,65412
13.5,PhD,103384
3.2,Bachelor,103803
,Bachelor,82523
3.5,Master,94031
17.0,Bachelor,108647
15.2,Bachelor,78182
4.8,Bachelor,40000
7.5,Bachelor,81678
19.4,Master,119221
12.3,Master,115162
,PhD,69821
,Bachelor,49109
5.0,Master,92732
15.9,PhD,120000
14.0,,94753
13.9,PhD,83252
11.5,PhD,52127
,PhD,120000
,Bachelor,64729
,Master,59346
,Bachelor,97650
17.6,Master,120000
6.9,Bachelor,89471
11.4,Master,89321
14.4,Bachelor,62098
20.0,Master,43852
9.3,PhD,63636
9.1,Bachelor,91740
17.0,Master,62023
16.3,Bachelor,110461
14.9,Bachelor,60595
9.8,PhD,84631
7.2,PhD,90894
12.6,PhD,97225
17.6,Master,69692
17.8,Master,120000
3.1,PhD,82010
9.1,PhD,94807
9.8,PhD,88455
19.6,PhD,51514
13.9,,102227
8.7,Master,83088
,Master,120000
11.7,Master,110143
2.8,PhD,50047
16.9,Bachelor,56004
15.3,Master,74284
9.7,Master,120000
9.2,Bachelor,47866
,Bachelor,95223
6.5,Bachelor,94796
5.7,Master,96136
18.8,PhD,64276
16.4,PhD,66530
,Bachelor,84734
4.7,PhD,54037
3.7,Master,40000
1.5,Bachelor,51974
5.5,PhD,94561
15.7,Bachelor,74634
5.6,PhD,68753
14.9,Master,71799
5.8,Master,49925
8.5,Master,74962
19.7,Master,61839
5.7,Master,98260
,Master,51245
6.7,Bachelor,120000
3.1,Bachelor,44069
10.3,PhD,120000
8.2,Bachelor,112202
14.2,Master,107019
16.5,Bachelor,120000
,PhD,66229
1.6,PhD,51657
12.8,Bachelor,65733
2.1,PhD,59625
12.7,Master,86579
14.0,Bachelor,93320
4.8,Bachelor,50775
16.6,Bachelor,77738
18.3,Bachelor,52023
16.4,PhD,92532
6.8,Bachelor,117425
12.1,Bachelor,83091
18.4,Master,82872
7.1,PhD,77096
16.6,Master,96139
,Master,46433
1.1,Master,116182
15.4,Master,86458
15.5,PhD,75707
16.0,Master,120000
,PhD,120000
3.2,Bachelor,83879
5.4,Master,47907
18.2,Bachelor,103365
4.4,Bachelor,64127
14.0,Bachelor,81833
11.1,PhD,60397
2.6,PhD,82329
6.4,Bachelor,98462
10.9,Master,68440
,Bachelor,120000
14.4,Master,61546
12.8,PhD,46124
10.4,Master,90891
6.7,Master,107713
3.3,Bachelor,116259
8.8,Master,105307
1.5,Master,57122
5.0,,120000
9.2,Bachelor,120000
9.0,Master,61499
1.8,Master,92683
12.2,Master,91922
11.4,PhD,82184
,PhD,120000
18.9,Master,53068
,Bachelor,95086
17.2,Bachelor,56708
1.0,Master,87610
17.8,Bachelor,108554
1.4,Bachelor,51122
15.4,Bachelor,76517
7.9,Master,113400
15.0,Bachelor,102743
,Master,89101
2.3,Master,52414
15.6,Bachelor,78435
2.4,Master,104487
18.5,Master,116468
2.0,Master,59399
10.1,PhD,100367
14.7,Master,53033
8.5,PhD,45315
,Master,78571
15.4,Bachelor,62012
15.9,PhD,57805
18.5,Bachelor,99267
8.1,Bachelor,81179
10.6,Master,108029
7.9,Master,102497
5.9,PhD,103304
15.3,Master,72119
7.5,PhD,66268
9.1,Bachelor,88338
8.7,Bachelor,52944
14.5,PhD,111157
18.4,Master,90820
13.7,PhD,65884
10.0,Bachelor,100411
15.8,Master,120000
13.2,Master,58230
2.2,Master,40746
2.8,Bachelor,116243
1.7,Master,52111
9.7,Bachelor,48104
16.7,Master,78824
6.9,Master,81013
8.3,PhD,85693
18.3,Bachelor,93311
16.9,PhD,117283
13.6,Bachelor,100644
6.1,PhD,120000
3.2,Master,78646
1.3,Bachelor,47155
3.0,Master,118351
6.6,Bachelor,49044
11.5,Bachelor,107834
2.2,Master,40373
3.6,PhD,101374
4.4,Bachelor,114414
13.0,PhD,76119
12.7,PhD,63513
11.5,Master,57543
5.8,Bachelor,82529
8.1,PhD,56822
2.8,Master,91414
5.3,Master,74985
18.1,Bachelor,75517
19.6,Master,83054
13.3,Bachelor,96304
18.4,,67952
13.2,Bachelor,103065
1.6,PhD,111771
19.9,Master,71053
2.9,Master,50679
14.0,Bachelor,100681
5.8,Bachelor,48009
8.4,Master,44178
13.3,Master,88866
9.3,Bachelor,65090
5.8,Bachelor,51739
7.4,Master,120000
,PhD,72338
19.2,PhD,120000
16.2,Master,58850
,Bachelor,109981
,Bachelor,83314
16.4,PhD,60568
4.0,Master,105306
5.0,Master,120000
8.0,PhD,50118
17.7,Master,101535
3.5,Bachelor,81813
3.3,Bachelor,104203
10.4,Bachelor,99609
6.3,Bachelor,41647
,Master,63281
9.6,PhD,73664
9.3,Bachelor,120000
3.1,Master,70249
3.7,Master,90475
16.6,PhD,51458
17.8,PhD,103299
5.5,Bachelor,90040
3.2,Master,99460
,Master,118195
12.6,PhD,59295
14.6,PhD,58761
8.1,PhD,118132
13.9,Master,52751
14.5,Master,105782
18.8,Master,107930
2.2,PhD,106651
4.7,Bachelor,54533
,Master,65946
17.5,Master,90367
16.1,Master,61318
11.9,PhD,100721
2.6,PhD,84390
6.2,Bachelor,71242
6.7,Bachelor,66618
11.7,PhD,116140
5.9,PhD,89743
2.4,,86869
14.9,Master,120000
6.7,,95925
9.6,Master,119368
3.4,Master,53652
,PhD,120000
11.7,PhD,66375
18.1,Bachelor,103048
10.4,Bachelor,112901
18.9,,68728
17.9,Bachelor,78696
12.0,Bachelor,101562
18.7,PhD,59644
7.1,PhD,104141
7.9,Master,46666
1.9,Master,111277
12.2,PhD,67964
,Master,85683
15.7,Master,55398
3.8,PhD,66003
9.4,,76347
4.4,Master,82830
13.6,Bachelor,40000
4.0,Master,109026
18.2,Master,41860
,PhD,110914
6.5,PhD,94127
17.2,Master,84166
,Bachelor,58395
1.5,Master,87072
10.4,PhD,90204
2.6,PhD,53876
19.7,Master,67873
12.2,Bachelor,52337
5.9,Bachelor,40953
11.7,PhD,48969
2.5,Bachelor,49417
16.2,PhD,100950
18.6,PhD,72258
17.6,Master,73053
7.5,Bachelor,51242
7.2,PhD,88723
1.7,Master,68052
13.4,Bachelor,99316
11.2,Bachelor,104008
9.7,PhD,93261
18.2,PhD,67677
4.2,Master,88850
1.2,Bachelor,68141
2.4,Master,108010
5.2,Bachelor,103692
1.6,Master,79079
,Bachelor,120000
7.0,PhD,88777
4.4,Bachelor,67868
15.3,Master,56202
4.9,PhD,86481
14.1,,120000
7.6,Master,115666
10.7,Master,97733
18.7,Bachelor,75982
1.7,Bachelor,91919
10.5,PhD,111179
17.2,PhD,84645
12.2,Master,77016
6.3,Master,98477
8.6,PhD,118081
13.9,Master,108299
17.9,Master,50555
1.8,Master,51549
2.4,Master,99208
,Master,103811
,PhD,80599
6.0,Master,88820
5.2,Master,116476
,PhD,117316
3.5,,101070
18.7,PhD,63041
3.7,Master,102677
4.9,Master,53212
5.7,Bachelor,120000
18.7,PhD,58153
15.4,PhD,108961
16.0,PhD,92317
3.0,,108494
16.9,Bachelor,90085
8.8,Bachelor,46775
6.0,PhD,101239
11.9,Master,72609
16.6,PhD,78122
15.8,PhD,120000
17.9,Bachelor,94189
18.6,Master,107716
5.5,Master,92177
9.1,Master,110686
1.3,PhD,106417
17.7,PhD,97693
3.9,Master,118560
17.4,Bachelor,76310
7.3,PhD,95514
8.0,Bachelor,106215
,PhD,69955
7.2,Bachelor,84730
17.9,Master,120000
1.5,Bachelor,43504
8.7,PhD,71110
1.6,Bachelor,72357
8.0,Master,49464
4.3,PhD,119697
5.8,Bachelor,68692
17.7,PhD,71901
9.3,PhD,107618
6.2,Master,61898
12.2,PhD,101529
3.7,Bachelor,114544
5.9,PhD,110098
11.4,PhD,113868
5.5,Master,47611
13.9,Master,57547
10.3,Master,67034
15.7,Master,50286
19.0,PhD,86903
3.2,Bachelor,76988
7.4,Master,92795
7.1,Master,60149
3.9,,88156
,Master,85081
,Master,59959
10.2,PhD,97375
11.2,PhD,106432
2.1,Master,108802
11.6,PhD,116440
16.0,PhD,113641
11.9,Master,93298
6.0,Bachelor,42389
13.7,Bachelor,54981
7.9,Master,100777
11.4,Bachelor,60191
10.3,Master,71124
8.2,Bachelor,58892
14.7,,64986
17.8,Master,100457
1.1,PhD,60813
18.7,PhD,81082
10.7,Master,55760
14.3,Master,94536
17.3,Master,107209
9.9,PhD,71434
16.9,Bachelor,110792
4.4,Master,61998
4.0,Master,93186
13.5,Bachelor,109388
17.5,Master,120000
18.0,PhD,68437
13.2,Bachelor,50260
11.0,Master,60561
7.3,Bachelor,57374
19.6,PhD,66568
7.1,PhD,67789
,PhD,77215
11.1,Master,119412
12.6,Bachelor,53552
8.5,Bachelor,117162
19.3,Master,106899
11.9,Bachelor,109046
18.8,PhD,119395
1.1,Master,106619
,Master,99399
14.6,Master,83072
15.2,,88185
,,120000
1.1,Master,73375
,PhD,44761
10.0,Master,101443
1.6,Master,92784
19.5,Master,115024
5.2,PhD,48138
10.0,PhD,100243
2.2,PhD,61247
10.9,Bachelor,115526
8.2,PhD,51230
1.8,PhD,113654
7.4,Bachelor,44333
8.4,Bachelor,43034
19.8,Master,62971
4.9,Master,70932
11.4,PhD,98484
19.8,Master,52457
,Master,83318
19.9,Master,56427
19.4,PhD,120000
10.3,,47129
14.2,Master,79481
3.1,PhD,95445
9.4,PhD,120000
16.4,Bachelor,108529
10.6,PhD,120000
14.4,Bachelor,49591
15.2,PhD,117184
5.8,Master,105179
17.6,Bachelor,118124
9.7,,64900
5.0,,116676
17.4,Master,76831
8.9,,91370
,PhD,82196
11.4,Master,80948
8.3,Master,88974
,Master,74382
12.1,Bachelor,109104
8.4,PhD,97421
3.1,Bachelor,96598
18.0,PhD,67713
1.7,Bachelor,120000
17.4,Master,93508
7.8,PhD,59522
,Bachelor,105660
18.5,,54533
,PhD,56153
11.8,PhD,90018
15.5,Bachelor,93716
15.4,PhD,68336
11.0,PhD,76232
12.9,PhD,111368
15.4,PhD,71158
,Bachelor,58604
15.5,PhD,120000
7.7,Master,59046
19.9,Bachelor,102698
9.3,Master,56568
1.5,Bachelor,94766
,PhD,77588
3.4,PhD,120000
3.3,Bachelor,75770
6.3,Master,93881
2.0,Bachelor,116447
14.1,Bachelor,120000
2.4,Master,40161
4.9,Bachelor,112656
2.8,PhD,77753
2.2,Master,88975
,Master,71288
11.9,PhD,77163
19.3,,59912
,PhD,100171
17.6,Bachelor,86346
4.3,Master,49429
6.0,Bachelor,97561
2.5,Bachelor,120000
15.8,Master,101436
2.3,PhD,88112
11.6,Bachelor,120000
5.7,Bachelor,90196
5.6,Master,51598
19.8,PhD,96077
15.4,Master,66045
16.9,PhD,100870
11.9,Bachelor,120000
17.5,Master,77106
13.3,Master,81613
19.0,Master,81150
6.3,PhD,73644
12.3,Bachelor,106167
14.1,Bachelor,93634
8.5,Bachelor,49252
17.7,Bachelor,111524
19.6,PhD,56917
10.4,Master,120000
,Master,75280
10.0,PhD,93490
17.2,Master,52224
13.3,Bachelor,55663
1.9,Master,112300
,Master,87571
1.3,Master,107569
,PhD,90373
,PhD,120000
,PhD,118834
16.2,PhD,86563
,Bachelor,83322
4.0,Bachelor,110044
8.6,PhD,63553
5.4,PhD,112134
7.4,PhD,94516
20.0,Bachelor,101574
16.7,Master,43977
17.8,Master,103496
18.8,PhD,68263
7.5,PhD,101647
6.6,Master,86059
5.4,Master,64225
16.8,PhD,120000
13.9,Bachelor,107978
5.5,Bachelor,120000
8.2,PhD,76652
,,91719
11.0,PhD,98124
17.9,PhD,104483
8.2,Bachelor,56475
18.3,PhD,71867
9.4,Master,118981
15.2,PhD,80991
18.7,PhD,120000
18.2,Bachelor,62447
2.1,Bachelor,118250
4.9,Bachelor,98163
10.1,Master,109750
9.2,,73911
13.2,Master,120000
18.9,Master,94378
3.1,Master,92503
9.6,Bachelor,45646
4.7,Master,95685
18.0,PhD,115788
19.3,PhD,57824
10.1,Master,112132
3.0,Bachelor,40000
15.9,Bachelor,111248
,Bachelor,118974
7.7,Bachelor,71802
17.9,Master,55803
19.5,,110972
11.6,Bachelor,42024
,PhD,86289
6.7,PhD,72394
12.1,PhD,81202
,PhD,50800
6.7,PhD,40000
2.3,Master,52261
5.8,Bachelor,96244
4.8,Master,84344
,Bachelor,66191
12.4,Master,103517
12.6,PhD,111073
8.4,Master,63206
9.0,Bachelor,115989
16.9,Bachelor,98408
10.0,PhD,50886
19.8,Bachelor,76302
9.4,Master,89398
13.3,Master,106590
2.0,Bachelor,64101
,Bachelor,112129
17.2,PhD,106123
18.9,PhD,82141
19.9,PhD,50534
6.4,Bachelor,50571
11.9,Bachelor,85166
9.6,PhD,86427
11.7,Master,96553
4.0,Bachelor,95184
17.3,PhD,65861
18.3,PhD,99469
9.5,Master,43078
6.3,Master,74536
3.7,PhD,100841
14.0,Master,84280
6.9,Master,111290
18.3,,120000
,Bachelor,86905
13.3,Master,50755
11.6,Master,84411
1.9,Bachelor,40461
18.7,Bachelor,91830
12.9,Master,110029
19.9,PhD,96214
,Bachelor,105711
14.5,Master,110016
2.1,PhD,111786
13.0,Bachelor,58920
15.5,Master,120000
15.8,Bachelor,94302
15.6,Bachelor,64564
5.3,,120000
19.5,Master,118102
19.9,PhD,96264
2.4,Bachelor,112651
18.8,Bachelor,62944
6.5,Master,67517
,Master,55312
,Master,83086
19.4,PhD,82342
2.9,PhD,57901
10.5,PhD,97216
9.1,Bachelor,52075
7.2,Master,41320
13.3,Bachelor,77682
,PhD,85140
14.6,Bachelor,77104
19.6,PhD,66595
16.3,Bachelor,75335
17.3,PhD,64011
7.8,PhD,77398
7.2,Bachelor,115413
10.8,PhD,67609
1.9,PhD,102742
19.0,,55984
3.7,PhD,76160
18.2,PhD,82486
2.6,Bachelor,120000
16.6,Master,88400
3.9,PhD,86489
1.7,Bachelor,91685
14.7,PhD,60013
6.3,Bachelor,120000
14.6,Master,67921
11.5,Master,45999
3.1,PhD,72468
18.7,PhD,70162
9.6,Bachelor,51511
,PhD,97013
10.5,Master,71411
12.5,Bachelor,96944
6.8,Master,40000
4.8,Master,117603
11.3,Master,57835
9.4,Bachelor,89560
8.4,Master,107437
13.8,Master,55374
14.1,PhD,60098
1.9,Master,49898
7.4,,68486
8.8,,49554
2.8,PhD,104803
5.5,Master,82492
2.0,PhD,83860
19.9,Bachelor,45628
15.0,PhD,118688
2.7,PhD,49825
1.4,Bachelor,69405
14.7,PhD,49124
9.3,PhD,55461
15.9,PhD,97814
18.5,Bachelor,96965
12.4,Bachelor,106401
,Bachelor,89453
15.9,PhD,116572
19.2,Master,83455
,,83840
14.0,PhD,71847
7.4,,44702
8.2,PhD,92805
15.0,Master,72516
18.6,PhD,80793
13.0,Bachelor,58373
16.0,PhD,114172
,Master,120000
,PhD,63689
,PhD,109901
,Master,109544
13.1,PhD,120000
,PhD,69772
16.0,PhD,107620
16.4,PhD,67772
9.8,Master,103294
4.4,Bachelor,102061
13.3,PhD,112863
19.9,Master,61639
12.8,PhD,109718
1.7,Bachelor,78194
1.3,Master,59118
7.1,Bachelor,89184
4.7,Bachelor,106067
16.4,Bachelor,120000
17.1,Bachelor,104110
5.9,Bachelor,40000
7.2,PhD,54102
5.5,Bachelor,50204
18.3,Bachelor,57457
10.6,Master,73490
13.5,Bachelor,72851
8.9,PhD,56468
13.0,Master,119670
8.3,Master,98158
7.5,PhD,118023
13.1,Bachelor,71328
12.2,Master,85278
6.6,Master,69475
3.8,Master,72240
8.0,Bachelor,87977
8.9,Bachelor,84438
12.9,Bachelor,114522
18.4,Bachelor,112449
1.7,PhD,77265
5.6,Master,59694
4.7,Bachelor,112708
10.5,Bachelor,92552
9.2,PhD,85873
14.9,Master,103694
5.6,PhD,52018
12.3,Master,53878
17.8,Master,52277
18.3,PhD,53559
19.2,Master,78273
15.7,Master,58819
18.2,Master,120000
5.5,PhD,94486
4.8,Bachelor,69061
,Bachelor,47700
14.4,PhD,90384
18.8,PhD,58334
4.6,Master,102025
,Master,116672
15.2,Bachelor,90545
18.6,Bachelor,53694
13.3,PhD,106136
19.4,Master,70280
7.5,PhD,55239
7.6,PhD,81774
11.3,Master,117983
8.3,Master,70112
1.0,PhD,118806
14.9,Master,50756
15.3,PhD,46121
15.2,Bachelor,94339
7.6,PhD,57501
10.9,Master,73361
7.8,PhD,59342
1.3,Master,67222
11.7,Master,79245
3.4,PhD,110734
2.5,Bachelor,103111
15.4,Master,120000
1.2,Master,102106
19.2,PhD,106273
10.8,Master,91251
19.7,PhD,114290
,Master,64718
12.1,Master,69776
7.6,PhD,103954
,PhD,67757
7.9,Bachelor,104815
,PhD,90080
,Bachelor,69510
8.1,Bachelor,103580
1.3,PhD,73012
,Master,115854
13.4,PhD,120000
5.8,PhD,99505
,Master,49085
2.1,PhD,54669
12.2,PhD,82128
15.4,Master,113912
,Master,57715
9.0,Bachelor,50960
2.7,Master,44971
4.8,Master,76936
3.9,Bachelor,112631
10.2,,48616
11.1,Bachelor,63504
19.0,PhD,100422
2.4,PhD,99684
12.4,PhD,98289
11.0,Master,105598
10.8,Bachelor,54263
17.6,Bachelor,75897
4.9,PhD,120000
1.8,Bachelor,111694
13.8,Bachelor,82887
7.6,Bachelor,100857
1.3,Bachelor,115354
5.8,Master,77416
6.9,PhD,48310
12.7,PhD,95494
4.3,PhD,120000
8.8,PhD,102839
10.2,PhD,109504
9.7,PhD,86626
19.5,PhD,53689
1.9,PhD,63514
19.1,Master,120000
12.1,Master,85125
16.1,PhD,53454
9.2,Master,117568
9.6,PhD,84056
,Master,107593
18.0,PhD,96952
5.5,PhD,54463
4.8,PhD,99174
10.4,PhD,120000
18.1,Master,55224
7.1,PhD,108737
,PhD,70794
14.5,,73870
15.8,Master,76069
11.7,Bachelor,119055
8.6,Master,96078
19.4,Master,87194
12.6,PhD,116793
14.8,Master,47125
,PhD,52981
13.7,Bachelor,45365
5.9,PhD,106846
5.7,Bachelor,83029
14.6,Bachelor,120000
,Master,78144
14.0,Bachelor,68939
6.1,Bachelor,101934
12.4,Bachelor,71535
9.4,Bachelor,113353
12.3,PhD,69815
6.5,PhD,53554
,Master,90528
,Master,54657
5.9,PhD,44679
6.7,PhD,87581
13.6,Master,67525
14.2,Bachelor,40391
14.4,Bachelor,62834
14.0,Bachelor,77032
8.5,Master,69528
8.5,,51007
5.8,Master,94237
,PhD,103815
14.2,PhD,92823
2.8,Bachelor,69790
18.8,Master,52358
16.7,Master,90776
17.3,Master,115676
18.2,Bachelor,75235
8.8,,59145
17.1,PhD,58606
4.0,Bachelor,111945
1.4,PhD,101536
15.9,Bachelor,65295
2.4,Master,72068
,Master,116900
13.8,Master,56236
15.3,Bachelor,87136
5.7,Bachelor,97752
13.8,Master,80793
,Master,51312
16.9,Bachelor,69408
4.2,PhD,114495
,Master,89135
5.3,Master,115767
2.3,Bachelor,92779
,Bachelor,114138
,Master,118451
,Bachelor,85217
5.5,Master,73243
7.5,Bachelor,96601
11.8,Bachelor,92326
6.4,Master,79835
8.2,Master,114280
,Bachelor,60356
4.4,Bachelor,56936
2.6,PhD,90358
,PhD,68207
9.1,PhD,85113
11.3,Master,115241
8.1,Bachelor,97995
16.0,Master,120000
1.7,Bachelor,93192
9.2,Master,99431
8.3,Master,85224
13.3,PhD,55287
19.4,Master,79552
10.7,Bachelor,63054
19.8,Bachelor,120000
6.7,Bachelor,56629
1.6,Bachelor,59019
4.1,PhD,90117
8.5,Bachelor,86769
7.0,PhD,40000
2.8,PhD,57762
9.2,PhD,101554
7.4,Bachelor,79865
,PhD,52126
,Bachelor,77395
17.8,PhD,60944
6.7,Master,69698
14.6,PhD,117565
,Bachelor,66703
,Master,56918
5.5,PhD,120000
8.0,Bachelor,99715
12.3,Master,64899
7.7,Bachelor,73842
5.1,Bachelor,102074
3.2,Bachelor,65761
17.7,PhD,93570
,Master,93440
12.9,Bachelor,75029
10.3,Bachelor,93681
17.6,PhD,82067
11.4,Bachelor,50597
10.1,,112692
18.6,Master,60079
14.7,Bachelor,82096
3.1,,82329
,Master,104693
16.0,PhD,80950
16.9,Master,103870
11.4,Bachelor,56170
11.5,Bachelor,96846
13.0,PhD,107661
9.3,Master,113841
13.9,Master,82514
3.1,Master,67891
19.3,PhD,68509
15.3,Master,64756
13.0,PhD,90741
7.0,Bachelor,61148
4.1,Bachelor,120000
8.8,PhD,113679
13.6,PhD,44205
13.0,Bachelor,85921
8.3,PhD,114589
12.7,Bachelor,54893
,Master,82281
,PhD,73635
9.6,PhD,56725
,Master,95090
11.4,Master,120000
13.4,Master,68723
,,88198
19.8,Bachelor,72127
2.0,PhD,112082
10.3,Bachelor,104366
2.7,PhD,54922
4.0,Master,111521
8.3,Master,59278
4.0,Bachelor,50933
19.3,Master,91765
19.0,Master,76136
7.4,Master,83677
13.2,Bachelor,105939
11.1,Master,50518
16.5,Bachelor,62999
12.9,PhD,79858
1.0,Bachelor,59734
15.5,PhD,53379
15.2,,55418
10.7,Master,109852
18.2,PhD,120000
,Master,58488
11.0,Bachelor,62596
,Master,88545
19.9,Master,120000
6.7,PhD,66090
7.2,Master,103812
4.5,Master,95421
18.0,PhD,120000
15.1,PhD,58496
3.0,PhD,119938
19.7,PhD,87839
14.9,Master,116393
17.2,Bachelor,80291
1.9,PhD,81215
10.6,Bachelor,111169
14.3,Master,99466
11.3,Bachelor,98464
13.7,Master,78472
16.5,Bachelor,112217
8.1,PhD,120000
17.1,Bachelor,51211
4.1,PhD,86581
6.1,Master,117136
1.8,PhD,86476
7.9,Bachelor,106651
8.2,,112835
16.3,,99443
13.4,Master,98413
9.3,Bachelor,116766
13.4,PhD,115132
2.0,Master,104705
,Master,50132
12.9,Master,60341
13.2,Bachelor,86116
15.7,PhD,103029
8.7,PhD,70777
14.7,Bachelor,56120
14.0,Master,74856
19.3,Bachelor,108659
5.1,Master,115373
11.5,Bachelor,118041
12.4,Bachelor,72456
20.0,Master,81806
4.8,Bachelor,69404
10.9,Master,64594
7.6,Bachelor,90368
11.0,Master,80481
5.4,PhD,44770
1.9,Master,78562
11.9,Master,61632
7.4,Bachelor,47332
4.5,PhD,82370
7.2,Master,59793
,PhD,82858
19.1,PhD,68621
12.0,Bachelor,93757
16.5,Bachelor,120000
,PhD,88941
18.2,Master,94618
10.2,Bachelor,115522
11.9,Master,72283
10.3,Bachelor,62063
14.9,PhD,61673
11.8,,83209
6.2,PhD,87740
3.8,Bachelor,44193
12.5,Master,109332
10.3,PhD,55009
2.8,Master,113785
,Master,112842
10.8,Bachelor,120000
16.7,Master,115154
2.4,PhD,57584
7.6,Bachelor,95571
16.6,PhD,68301
13.3,Bachelor,109343
6.5,Master,57640
17.1,PhD,66462
10.4,PhD,114922
10.5,Bachelor,40434
19.6,Bachelor,59223
19.0,Master,79002
7.8,PhD,98148
,Master,83833
,Master,98173
1.6,Master,111058
,PhD,49620
8.5,,91313
18.9,PhD,105497
17.6,Master,97962
10.7,Bachelor,83054
11.7,PhD,40429
1.1,Bachelor,45053
5.1,Bachelor,55008
1.5,PhD,70451
15.3,PhD,50485
3.8,Bachelor,72814
17.5,Master,61986
13.2,Master,97258
5.4,Bachelor,104575
4.0,Master,83739
12.9,Bachelor,87199
18.1,Bachelor,120000
14.6,PhD,94552
7.6,Master,120000
12.2,PhD,56485
6.9,Bachelor,112954
20.0,PhD,96026
15.2,Master,52004
12.7,Bachelor,120000
9.0,Master,120000
,PhD,79963
7.5,Bachelor,115921
,PhD,57223
8.5,Bachelor,93469
18.7,PhD,62194
12.9,PhD,61463
2.6,Bachelor,100928
17.8,PhD,75110
6.1,Master,52359
5.6,Bachelor,70346
6.6,Bachelor,62149
12.0,Bachelor,93531
11.3,PhD,62180
,Master,113419
14.6,PhD,59491
7.0,Master,68053
15.9,Master,65339
4.3,Bachelor,86287
15.9,Bachelor,53283
13.6,PhD,86540
14.0,PhD,68641
10.1,PhD,117382
13.7,,50862
2.5,Master,108128
17.2,Bachelor,55432
2.1,Bachelor,50154
3.8,PhD,68500
12.0,Bachelor,55683
15.0,PhD,96145
2.4,Bachelor,112763
18.5,Master,46417
19.5,Bachelor,85566
12.5,Bachelor,82177
10.1,Bachelor,73450
15.1,PhD,68947
7.2,Bachelor,111587
10.4,PhD,49305
18.4,Master,108190
19.2,PhD,65000
,PhD,77792
6.0,Master,76839
5.4,Bachelor,60573
,,54417
9.4,Master,51268
7.0,,65587
8.1,PhD,116349
12.8,Master,55485
15.5,Master,110462
15.0,Bachelor,62463
16.5,PhD,120000
1.6,Bachelor,78942
1.9,Bachelor,50158
16.0,Bachelor,120000
11.1,PhD,59672
,PhD,93057
2.0,PhD,91516
5.9,Master,68539
13.1,Bachelor,119748
17.3,Master,120000
18.4,PhD,120000
10.5,Master,120000
11.4,Bachelor,79024
16.8,PhD,66459
11.2,Bachelor,109745
10.8,Bachelor,73892
18.2,,63289
16.0,Bachelor,81165
,PhD,120000
5.1,Bachelor,58203
11.0,Master,116208
,Bachelor,77652
3.1,Master,46005
16.1,Bachelor,113909
4.5,Master,120000
16.4,Bachelor,63328
12.6,PhD,70608
4.7,PhD,82361
10.0,PhD,105113
14.0,PhD,46614
13.0,Bachelor,69252
9.1,PhD,102990
18.1,Master,76751
10.9,Bachelor,69658
10.6,PhD,120000
2.2,Bachelor,113029
18.5,Bachelor,120000
4.4,PhD,67298
,Master,119386
16.3,PhD,110154
5.1,PhD,55393
11.0,Bachelor,87399
5.6,Master,47658
15.4,PhD,103628
11.7,Bachelor,99954
17.3,Bachelor,110969
18.0,Bachelor,65588
13.3,Bachelor,93477
14.8,Bachelor,58790
11.4,PhD,116243
8.3,Bachelor,95377
13.3,Master,54222
18.3,Master,61850
8.9,Master,95436
7.0,Master,85362
8.4,Master,103213
,Bachelor,78197
2.4,Bachelor,94391
10.5,Master,45074
10.4,Master,82556
12.2,PhD,120000
7.9,Master,90911
,Master,46373
17.7,Master,119714
19.2,Bachelor,55925
12.1,Master,103545
1.8,Master,86571
19.4,Master,65769
14.4,Master,64031
7.4,PhD,53479
3.8,Bachelor,112001
3.7,Bachelor,112628
,Bachelor,73799
,Bachelor,43593
18.1,PhD,120000
11.3,Master,81051
14.3,,78438
,Master,82535
16.0,Master,77896
17.8,Bachelor,82840
19.4,Master,95415
9.3,Bachelor,75431
19.1,Bachelor,120000
14.7,Master,79005
2.3,PhD,85729
14.0,Master,69540
14.0,,109055
18.2,,56750
8.1,Master,61833
12.1,Master,109484
1.2,PhD,52731
7.3,Bachelor,92844
2.2,PhD,120000
10.9,,89672
16.5,Bachelor,68060
,PhD,61267
11.0,Bachelor,111071
4.9,Master,67862
3.3,Bachelor,94492
10.7,Bachelor,112070
2.5,Bachelor,79569
,Bachelor,104559
1.6,Master,69050
,Bachelor,71430
11.4,PhD,108118
12.2,Master,68128
1.6,Master,68445
11.9,Bachelor,97792
16.9,PhD,99415
14.7,Master,79998
3.5,PhD,113667
,Bachelor,86836
13.8,Bachelor,116896
1.7,Master,102550
,Bachelor,71868
18.2,Bachelor,74450
17.2,PhD,114080
16.7,PhD,118138
15.2,Bachelor,56723
13.0,Bachelor,90676
13.9,PhD,56526
16.3,Bachelor,67151
13.6,Bachelor,106031
7.2,PhD,54771
8.1,PhD,102065
18.0,PhD,113376
,PhD,120000
14.3,Master,58092
19.1,Bachelor,103366
,PhD,120000
19.9,Bachelor,53098
14.1,Master,82122
1.7,Master,119416
16.7,PhD,68461
6.4,Master,111399
9.5,Master,98338
6.9,Master,51438
6.1,Bachelor,83884
9.2,Master,57789
8.2,Master,65209
13.0,PhD,82914
16.4,Bachelor,79300
6.6,Master,82290
5.1,Bachelor,46907
13.7,Master,116365
13.7,PhD,94470
18.1,Bachelor,106268
1.3,Bachelor,103918
17.2,Master,66875
10.9,Master,50897
12.8,Master,119034
2.7,PhD,104827
9.2,Master,54402
5.3,PhD,99172
5.8,PhD,42059
,PhD,48655
16.4,Bachelor,85650
15.1,PhD,56948
,PhD,115647
11.2,Bachelor,115798
9.1,Master,92768
19.5,Master,53203
,Master,75492
5.8,Bachelor,68696
,PhD,89073
12.6,Master,50088
10.9,Master,98690
1.1,Master,82884
16.8,PhD,119390
14.4,PhD,117824
13.6,Bachelor,81843
2.3,Bachelor,96844
7.9,Master,53241
18.8,Bachelor,61487
17.4,,113163
,PhD,109913
4.0,,51490
9.5,Master,90087
7.8,PhD,120000
14.0,Bachelor,69820
19.4,PhD,60681
,PhD,118885
2.2,Bachelor,80387
18.1,PhD,80074
1.7,PhD,73043
19.1,PhD,116171
13.6,Bachelor,115499
18.9,Master,70627
4.8,Bachelor,40004
1.8,Master,73690
,Master,53539
9.6,PhD,58716
7.3,PhD,76086
,Master,43792
16.6,Bachelor,120000
13.6,PhD,51763
4.1,Master,74845
15.0,PhD,67066
14.8,Bachelor,104489
9.1,Bachelor,47544
18.6,PhD,82561
4.2,PhD,108930
6.1,PhD,116020
2.2,PhD,105738
,Bachelor,48908
12.8,PhD,51662
7.0,PhD,96911
4.1,Master,53644
1.8,PhD,78773
4.2,Master,119878
9.6,Master,107593
5.7,Master,120000
5.9,Bachelor,113649
17.6,PhD,97894
10.8,PhD,91968
14.9,Master,78815
1.7,Master,120000
7.9,Bachelor,63800
10.1,PhD,89178
4.5,,67731
3.3,PhD,45798
17.5,PhD,95967
18.8,Bachelor,81408
2.5,Bachelor,84052
7.6,PhD,86781
19.2,PhD,91742
2.6,PhD,51137
13.2,PhD,74612
19.5,,111884
19.6,Bachelor,68156
10.0,Master,86839
4.1,PhD,89513
4.8,PhD,120000
17.9,PhD,104826
18.3,Bachelor,54535
12.5,Bachelor,108591
15.6,PhD,120000
,Bachelor,106560
13.6,Bachelor,75124
16.7,Master,102544
14.0,Master,77680
11.1,PhD,94999
5.5,Master,115501
15.1,Bachelor,109583
10.0,Bachelor,75586
6.6,Bachelor,110921
16.2,Master,53537
,Bachelor,48838
18.8,PhD,100096
4.1,PhD,88744
13.3,Bachelor,48812
5.6,PhD,84743
18.2,Bachelor,49878
2.9,,87211
13.5,Bachelor,107062
16.0,Master,107002
7.7,Bachelor,73701
19.1,Master,120000
17.2,Master,96780
6.6,Master,104944
1.1,Master,94590
6.6,Bachelor,120000
6.3,PhD,118439
17.9,Bachelor,92480
19.4,PhD,80699
2.3,PhD,103173
10.0,PhD,87308
11.4,PhD,93199
2.8,PhD,73902
8.2,Master,77667
7.0,PhD,91435
11.2,PhD,118399
13.6,Bachelor,109232
14.4,PhD,51357
3.6,,60783
16.4,PhD,45448
,PhD,43920
17.9,Master,56265
9.5,PhD,110463
,Master,110355
17.4,PhD,81532
9.3,Bachelor,94638
8.2,PhD,104595
18.7,Bachelor,120000
14.6,PhD,120000
18.6,PhD,54792
16.1,PhD,63369
12.6,Master,49837
3.2,PhD,103081
6.5,,94826
,Bachelor,63582
7.1,Bachelor,113512
2.8,Master,77444
,PhD,120000
14.9,Bachelor,40000
6.4,Master,42428
6.7,PhD,61871
9.9,Master,54585
1.4,Bachelor,102962
16.0,PhD,42209
7.0,Bachelor,107938
17.2,Master,57039
16.2,Bachelor,71224
13.6,,109269
7.2,Master,118403
10.8,PhD,80090
9.5,Bachelor,120000
7.4,Bachelor,89595
17.1,Bachelor,74624
10.2,PhD,113762
16.8,PhD,77712
3.0,,61899
3.7,,96986
19.6,PhD,80681
12.2,Bachelor,53277
10.7,Bachelor,44420
10.9,Bachelor,100528
5.1,,95529
,PhD,75473
2.6,PhD,116895
11.9,Master,84026
11.8,Master,102883
18.4,Bachelor,113645
11.0,Bachelor,114834
3.6,PhD,86452
11.9,Bachelor,100495
2.7,PhD,74306
4.9,Master,100412
1.6,Master,68225
10.8,PhD,80099
2.6,Bachelor,61135
9.9,PhD,54532
18.7,Master,91866
14.7,Master,114658
2.5,Master,44695
5.3,Bachelor,51783
13.8,Bachelor,83163
18.0,Master,105284
1.6,PhD,56458
16.4,Bachelor,51154
11.7,Bachelor,92026
11.4,PhD,109891
19.2,Bachelor,50380
15.2,Bachelor,69660
17.2,Master,96755
7.7,Master,55978
11.5,Master,65032
12.7,Master,90924
7.1,Master,120000
11.8,Bachelor,68853
5.5,PhD,91979
3.7,Bachelor,78404
,Bachelor,115913
15.0,PhD,55775
18.4,Bachelor,89317
9.7,Bachelor,109803
13.2,Master,120000
3.0,,100236
18.2,Bachelor,79819
11.8,Master,84321
15.8,PhD,75365
16.1,PhD,86072
5.9,Bachelor,111093
11.1,PhD,108624
19.2,Bachelor,80063
2.7,,101784
14.0,PhD,120000
19.3,Bachelor,120000
,Master,98012
17.4,Master,103620
18.7,PhD,92121
15.2,Master,74431
5.4,Bachelor,57012
7.3,Master,81659
1.7,,49300
16.8,Master,79567
17.1,Master,101659
13.0,Bachelor,90991
7.7,PhD,51951
,Master,40000
15.3,,48867
14.8,PhD,62135
18.3,PhD,120000
14.9,PhD,74751
16.7,Bachelor,73825
15.2,PhD,46569
13.0,Master,97261
9.1,Master,95031
18.1,Bachelor,65403
13.4,Bachelor,114860
8.6,PhD,118004
2.6,PhD,60666
6.5,PhD,78468
11.3,Bachelor,74879
6.2,Bachelor,66629
5.2,Bachelor,108823
11.0,Master,50491
4.2,PhD,73382
16.2,Bachelor,83551
10.2,Bachelor,64501
11.9,Bachelor,110328
3.8,Bachelor,51922
7.2,PhD,49051
8.8,Master,94783
16.4,Master,59300
15.6,Bachelor,49196
,PhD,84639
,PhD,64313
5.6,Master,81107
19.8,Bachelor,70277
19.1,Master,49807
11.7,PhD,101008
14.3,Bachelor,47842
16.2,,120000
14.7,Master,71885
14.3,Bachelor,101263
19.2,Master,114249
12.3,Bachelor,65177
13.1,Bachelor,110188
17.1,Bachelor,120000
,Bachelor,51948
14.9,Master,120000
5.4,Master,40302
8.1,PhD,49825
3.8,PhD,109126
10.6,Master,62806
,Bachelor,102171
19.9,Bachelor,116267
12.6,PhD,120000
15.9,PhD,82694
7.3,Master,120000
,PhD,84460
12.7,Bachelor,68025
14.2,Master,87092
6.6,PhD,95896
11.4,,82780
,PhD,86289
12.2,Master,82320
,PhD,83214
18.1,PhD,120000
19.4,Bachelor,86229
13.7,Bachelor,56609
19.5,Bachelor,99079
16.8,PhD,70778
6.1,PhD,108406
9.1,PhD,57679
5.5,Bachelor,67670
1.1,Master,52111
,Bachelor,54538
1.1,PhD,101367
14.7,PhD,78201
9.1,Bachelor,108920
6.9,Bachelor,85876
15.5,Bachelor,64849
16.8,Bachelor,111785
19.5,PhD,103110
13.2,Bachelor,108971
9.8,Bachelor,96990
6.8,Bachelor,56292
5.2,,96343
5.0,,76816
8.8,Master,79976
19.8,Master,120000
1.0,Bachelor,65633
4.7,Bachelor,92910
4.6,Bachelor,66544
14.6,,49492
7.7,Master,71161
,Bachelor,92732
3.8,PhD,74077
8.7,PhD,82280
3.0,Master,110096
11.1,PhD,49445
2.9,Master,58964
16.0,,114165
11.8,PhD,116871
14.8,Bachelor,70259
9.0,Master,117456
8.2,Master,53582
2.9,Master,49628
11.0,Master,118980
10.8,Master,114196
9.9,PhD,55072
15.1,PhD,47462
16.8,PhD,51660
15.3,Bachelor,71221
3.7,Bachelor,93711
12.8,Master,79444
2.5,Bachelor,82099
14.2,PhD,91742
8.3,Bachelor,114847
3.5,Master,47329
17.4,Bachelor,110900
12.7,Master,113004
7.7,Bachelor,60788
1.6,Master,116516
11.2,,100327
18.5,PhD,45938
12.3,PhD,69054
19.5,Bachelor,99337
3.6,PhD,80272
11.8,PhD,96085
16.2,Bachelor,63670
11.0,PhD,102844
2.7,Master,71064
12.1,PhD,81628
12.6,PhD,76292
14.8,PhD,97844
,PhD,68412
15.6,Bachelor,57178
13.6,Bachelor,61710
5.1,Master,54253
8.7,PhD,65004
15.7,PhD,106914
19.1,Master,106041
,PhD,96098
11.2,Bachelor,89136
6.9,Master,47085
5.3,Bachelor,120000
10.6,Bachelor,57598
12.5,Master,103328
1.2,Bachelor,117018
15.8,PhD,101546
16.6,Master,54703
19.3,Master,64184
4.4,Bachelor,40000
12.3,Master,93754
9.1,Master,81506
7.4,Bachelor,99460
11.7,PhD,48058
15.9,PhD,117478
1.4,Master,103538
,Master,63100
16.4,Bachelor,74799
15.3,Master,95554
15.4,Bachelor,83753
8.4,,48969
15.3,Bachelor,52718
8.3,,98585
18.1,PhD,66237
4.4,Master,51804
6.6,Master,110723
11.5,PhD,97028
7.1,Bachelor,96320
9.1,Master,74171
10.4,Bachelor,87012
17.3,PhD,99080
10.9,Bachelor,120000
7.9,Master,61513
5.7,Bachelor,55903
8.8,Master,58852
10.8,PhD,102908
15.2,PhD,98351
,PhD,46841
5.2,Bachelor,73328
8.2,Master,52836
7.8,PhD,65333
8.4,Master,120000
16.1,Master,104254
7.2,Master,41855
10.5,PhD,73510
12.9,Bachelor,42853
5.4,PhD,100459
14.7,Master,83283
11.4,Master,120000
,PhD,110922
16.4,Bachelor,81144
5.6,Bachelor,102284
17.8,PhD,98767
11.7,PhD,75429
,Bachelor,84578
17.6,Bachelor,85917
,PhD,82611
12.4,Bachelor,62300
15.3,Bachelor,65778
9.2,Master,63867
11.4,PhD,45242
2.2,Master,108238
2.7,PhD,99391
16.8,Master,108120
2.1,PhD,86507
4.2,,101083
16.1,PhD,120000
1.0,Bachelor,65634
6.4,Bachelor,102323
12.1,Bachelor,84130
12.3,PhD,117750
,Bachelor,111313
10.6,PhD,116614
10.7,Master,54692
14.8,Master,71330
10.5,Bachelor,50034
12.6,PhD,82787
18.1,,86141
8.6,Bachelor,65398
8.3,PhD,110925
1.1,PhD,71291
12.7,Bachelor,113112
1.6,PhD,57485
10.6,PhD,77538
16.3,Master,93127
11.4,Bachelor,96746
6.1,Bachelor,47054
15.9,Bachelor,114925
6.1,Bachelor,98241
14.9,Master,118322
,PhD,117344
4.2,PhD,85346
,Bachelor,117932
4.8,PhD,106632
19.8,Master,120000
1.1,Bachelor,97698
6.0,Bachelor,112338
4.8,Bachelor,82647
1.3,PhD,60843
,PhD,117661
14.2,PhD,104982
16.1,Bachelor,58499
5.9,Bachelor,73168
9.4,Master,98387
,Master,91351
9.4,Master,52798
14.2,,59733
13.0,PhD,108556
3.2,PhD,65368
,Bachelor,83096
14.7,Bachelor,106404
13.5,PhD,105631
,Bachelor,51648
6.1,,49789
8.5,Master,91562
6.3,Master,114314
5.3,Master,53386
16.3,PhD,74259
13.1,Master,114288
,Bachelor,120000
5.3,Master,87281
18.4,Master,63126
4.6,PhD,65300
,Master,68175
19.4,Bachelor,59686
14.8,Bachelor,82183
19.9,Master,88552
13.4,PhD,59187
,PhD,115870
4.9,Bachelor,92198
7.2,Bachelor,85709
,Master,120000
14.0,PhD,85416
6.1,Bachelor,114886
16.5,Bachelor,67317
7.8,Master,52942
10.1,Bachelor,86272
19.3,PhD,88612
5.6,Master,64104
14.7,PhD,113381
15.3,,51583
,PhD,104673
10.5,Bachelor,86628
7.7,,99890
15.7,PhD,81547
12.8,Master,115325
10.0,Master,73146
15.8,PhD,120000
5.5,Master,54765
15.3,Master,98415
17.4,Bachelor,81486
,Bachelor,105285
15.9,Bachelor,106220
8.8,Master,103442
19.7,Master,50731
8.2,PhD,110985
13.1,Master,59518
4.1,PhD,59430
19.6,Master,68978
14.4,,89586
15.3,Master,104904
2.2,Bachelor,58679
15.5,Master,53042
15.7,Bachelor,109509
,Master,120000
6.5,Bachelor,87000
10.3,PhD,97604
3.1,PhD,90500
,,112692
5.6,PhD,120000
7.6,PhD,85028
4.1,Master,72168
5.4,Master,118178
2.5,PhD,120000
18.5,PhD,58159
11.1,Master,97116
8.5,PhD,101616
11.2,Master,83309
12.9,Bachelor,71557
,PhD,103029
4.4,Bachelor,62035
6.6,Bachelor,71101
19.5,PhD,120000
8.1,PhD,93081
,Bachelor,110724
3.8,PhD,102071
,Bachelor,98450
19.8,Master,120000
6.3,Bachelor,66672
18.5,PhD,100118
19.9,Master,92172
12.4,Bachelor,86535
1.6,Bachelor,55498
2.6,Master,68240
10.2,PhD,79089
8.7,Bachelor,88797
12.5,Bachelor,120000
9.3,Master,120000
18.7,Master,71007
11.2,Master,66135
14.2,Bachelor,45749
18.0,Master,76179
3.8,Master,104904
5.4,Master,120000
3.0,Master,61633
3.7,Bachelor,62002
10.7,Master,63616
7.1,Bachelor,70407
9.0,Master,107475
19.7,PhD,96850
4.0,Bachelor,111901
11.3,Bachelor,87181
2.9,Master,58336
7.1,PhD,62966
,Bachelor,54807
19.0,Master,105570
8.4,Bachelor,113837
2.2,Master,102390
8.4,Bachelor,49696
3.8,Bachelor,106728
5.4,Bachelor,40000
12.7,Master,49275
2.3,Bachelor,80468
9.8,Bachelor,81519
12.6,,111628
9.0,Bachelor,100619
1.4,Bachelor,48237
19.7,Bachelor,69277
8.0,Master,70852
15.8,Bachelor,55825
7.2,Bachelor,67512
10.0,PhD,110112
8.4,Master,60362
7.5,Bachelor,112385
1.4,Bachelor,86703
7.8,PhD,74377
17.9,Master,78751
14.1,PhD,115580
3.8,Bachelor,83637
12.2,Bachelor,51235
18.0,Master,118578
14.3,PhD,57908
3.8,Bachelor,113497
,Master,50619
6.7,PhD,103654
9.6,PhD,98159
11.0,Bachelor,82652
17.2,PhD,48442
,PhD,68185
18.7,Bachelor,110499
1.2,PhD,114527
18.5,PhD,86812
2.0,PhD,77054
6.0,Bachelor,52891
,Master,91074
10.1,Bachelor,60920
,Bachelor,47353
10.1,Master,95143
18.8,Master,88627
5.6,Master,53334
6.2,Bachelor,48829
18.5,,112369
2.5,PhD,41502
12.6,Master,116836
14.0,Master,67632
,,55660
14.2,Bachelor,96256
4.3,Bachelor,76817
17.2,Master,73567
3.7,PhD,73447
8.6,PhD,45677
2.4,Bachelor,102917
11.4,,73369
13.7,Master,107240
18.9,Bachelor,92127
15.0,Bachelor,89894
11.3,PhD,109417
18.7,Bachelor,88650
10.1,Master,74535
11.7,Master,77392
12.3,Bachelor,52700
8.8,Master,108168
,,108960
4.5,PhD,58075
11.5,PhD,110754
14.7,PhD,83637
18.2,Master,83402
17.8,Bachelor,50423
10.7,Master,82785
13.2,Bachelor,96166
8.5,Bachelor,56595
9.9,Bachelor,81654
18.2,PhD,120000
18.7,Master,101376
18.0,Bachelor,77223
3.6,Master,91338
17.2,Master,49895
19.0,Bachelor,120000
7.9,Bachelor,111876
10.9,PhD,113006
15.8,PhD,54416
11.7,Bachelor,56675
19.9,Bachelor,59610
9.7,PhD,88328
,Master,62154
16.1,Master,99417
10.4,PhD,80721
17.3,PhD,45581
11.4,Master,109816
8.8,Master,54847
,Master,99806
8.5,Bachelor,65676
14.9,PhD,74116
,PhD,45699
5.8,Master,120000
7.7,Master,88778
,PhD,83037
14.1,,55913
19.2,Master,114281
13.2,Master,66169
12.7,PhD,120000
11.5,PhD,120000
2.7,PhD,104588
14.9,PhD,120000
12.4,Master,56452
13.6,Bachelor,68455
18.1,Master,58220
15.9,Bachelor,47274
15.8,Master,120000
18.6,Master,59109
19.8,Master,119465
12.0,Bachelor,102232
3.1,Bachelor,67458
9.7,Master,49903
16.0,PhD,40000
1.5,,52731
2.1,Master,88686
2.3,PhD,81806
14.9,PhD,90500
,PhD,101896
8.0,Master,78287
3.0,Bachelor,54118
14.9,PhD,110380
7.1,PhD,73615
6.0,Bachelor,65573
13.4,Bachelor,105604
,Master,113090
7.9,Bachelor,110434
13.2,Master,60196
6.2,PhD,87908
,PhD,57170
5.4,Bachelor,115565
4.0,PhD,65244
15.9,Bachelor,58710
14.4,PhD,120000
4.5,Master,116543
3.2,Master,95644
16.9,PhD,56993
15.8,,89344
7.2,PhD,110313
13.5,Bachelor,90036
3.4,Master,51169
10.6,PhD,61271
1.4,Bachelor,109197
,Master,82260
2.4,Bachelor,97823
10.0,PhD,76599
9.0,Bachelor,97047
9.4,Bachelor,117933
1.9,PhD,65749
,PhD,100748
15.4,Bachelor,53456
8.0,Master,48273
14.6,PhD,102886
8.0,PhD,109055
9.0,Master,93915
11.7,Bachelor,49749
19.1,Bachelor,63725
3.1,Bachelor,101994
1.6,Bachelor,66035
12.6,Master,108004
19.0,PhD,69526
19.8,Bachelor,120000
10.2,PhD,120000
9.9,Bachelor,43281
13.3,Master,109382
,PhD,67781
13.0,PhD,59060
17.6,PhD,88836
15.2,PhD,88099
10.4,PhD,78061
9.8,Bachelor,85411
13.2,Master,55362
9.7,Master,51943
,PhD,95215
1.3,Master,79887
,PhD,100099
10.3,Master,93026
16.6,PhD,111815
6.3,Master,81093
10.9,Bachelor,42157
7.6,Bachelor,88003
3.0,Bachelor,101434
19.2,PhD,85919
17.2,Bachelor,101024
2.5,Master,73536
14.7,Bachelor,55034
7.6,Bachelor,91773
19.9,PhD,70073
6.7,Master,82293
5.5,PhD,88362
,Bachelor,91072
16.9,Master,92159
4.7,Master,46245
14.5,Master,118678
2.2,Master,102796
18.5,Bachelor,80499
2.5,Bachelor,55162
18.4,PhD,51843
10.3,PhD,98123
9.5,Bachelor,69388
19.5,PhD,62377
19.8,Master,76300
13.4,Master,93037
3.4,Bachelor,87058
10.6,PhD,92537
11.1,Master,110591
10.8,Bachelor,68581
11.8,Master,91826
1.4,Bachelor,48230
14.5,PhD,85981
14.5,Master,88684
3.2,Bachelor,51053
11.8,Bachelor,78226
,Master,104587
14.0,PhD,63607
2.6,PhD,80879
12.9,Bachelor,118111
6.3,PhD,89918
10.6,PhD,119706
15.7,Master,114746
14.4,Bachelor,55021
3.3,Bachelor,65892
12.2,Master,106777
19.4,Master,118140
4.0,PhD,46484
17.2,,78869
14.3,Master,77671
15.7,Bachelor,120000
6.4,PhD,77260
6.5,PhD,120000
18.2,PhD,120000
7.8,Master,110532
2.2,Bachelor,102472
12.4,PhD,74133
3.4,Master,52728
16.1,Bachelor,89217
13.2,Master,75151
17.6,Master,75267
15.9,PhD,105648
3.1,PhD,83672
8.2,Bachelor,99751
,Bachelor,77188
,Master,44567
19.5,Bachelor,87708
,Bachelor,120000
1.3,PhD,108465
17.7,Master,55239
2.9,Master,77388
3.7,PhD,114514
15.0,PhD,58307
17.4,Master,70463
11.2,Master,68570
6.5,Bachelor,93028
7.7,Bachelor,75900
7.5,Master,51006
7.2,Master,97678
5.6,PhD,52249
12.6,Bachelor,88853
,Bachelor,88250
,Bachelor,75889
4.5,Master,47845
16.9,Bachelor,89318
15.1,PhD,79261
18.7,Master,77431
4.1,Master,85525
3.7,,95112
11.3,Bachelor,49682
,PhD,63398
10.1,PhD,64012
12.4,Bachelor,95790
4.4,Master,92977
,,107282
13.5,,103916
9.2,,99795
13.9,Bachelor,78097
9.6,PhD,76604
7.3,Master,110144
6.8,Bachelor,65127
8.8,Master,84042
1.4,Master,53982
13.7,PhD,119118
,,75715
7.7,PhD,69620
1.9,Bachelor,100816
19.7,Master,62911
6.0,PhD,120000
,Master,73322
8.0,Bachelor,92141
15.0,Master,74241
6.6,Bachelor,110851
11.9,Master,120000
8.9,Bachelor,117363
3.2,Bachelor,109311
7.3,PhD,52151
14.8,PhD,120000
12.6,Master,94309
3.3,Bachelor,107602
4.1,Master,92856
13.2,Master,44469
16.5,Master,98888
7.6,Bachelor,41365
12.3,Master,96448
4.2,Bachelor,75442
6.9,PhD,55601
1.4,Bachelor,120000
15.6,Master,110720
8.6,,120000
16.5,,116458
14.5,Master,105753
,Bachelor,104612
,PhD,55430
4.5,Master,106379
19.5,Bachelor,118914
14.6,Bachelor,96804
16.8,Master,118083
1.2,Master,85716
7.7,PhD,76566
15.1,PhD,120000
2.5,Bachelor,76811
11.8,Bachelor,96892
9.2,Bachelor,72557
1.3,PhD,94926
5.5,Master,96323
6.4,PhD,89022
3.1,Bachelor,81326
13.0,Bachelor,63078
5.6,Bachelor,100155
6.3,Bachelor,107682
18.1,Bachelor,57668
9.9,Bachelor,55194
8.5,Bachelor,52478
14.8,Bachelor,115595
18.3,Master,103294
1.5,Master,117071
9.5,,93977
12.6,Master,86427
7.1,PhD,111863
15.7,Bachelor,63784
19.5,PhD,82046
18.9,PhD,81215
6.1,Master,56807
5.3,Master,73848
19.2,PhD,56135
,Master,69878
5.0,Bachelor,67760
14.4,PhD,112863
6.4,Master,61905
6.1,,73628
17.7,Master,56223
,PhD,84707
2.2,PhD,87678
6.1,Bachelor,109668
12.5,Master,99908
3.3,PhD,66622
10.0,Master,52158
,PhD,60967
17.1,Master,120000
5.4,Master,91900
16.5,Bachelor,54909
5.5,PhD,56004
13.9,Master,88848
9.2,Bachelor,60303
3.2,Master,109072
14.6,Bachelor,83432
5.1,PhD,99931
4.4,PhD,85739
7.8,Bachelor,62730
13.4,PhD,95612
5.4,Bachelor,103990
4.5,PhD,72165
1.2,Master,74340
10.0,PhD,111408
9.1,Master,56886
5.4,Bachelor,85075
2.0,PhD,78060
9.2,Master,95684
16.0,Master,43638
14.6,PhD,95727
17.4,Master,57095
1.2,Bachelor,40000
,PhD,110508
7.5,Bachelor,88812
19.8,Master,115169
5.8,Bachelor,92163
,Bachelor,91564
7.7,PhD,102467
,Master,63156
17.0,Bachelor,58125
,Master,63482
19.9,Master,67748
12.7,Bachelor,75222
9.8,PhD,111602
2.7,Master,103497
19.9,Master,120000
11.5,Master,120000
14.3,Bachelor,72474
8.7,Master,63907
11.4,,89889
18.9,Master,120000
4.2,Bachelor,83520
6.6,PhD,84065
,PhD,53944
16.1,PhD,86538
2.2,Master,74537
,PhD,65059
6.7,Master,120000
10.8,Bachelor,43034
,Master,120000
1.9,Master,44869
19.2,Master,119730
19.1,PhD,80738
6.3,Master,103469
14.9,Master,53189
12.0,PhD,100723
5.5,PhD,120000
6.0,Master,48770
10.3,Master,58446
9.0,Bachelor,62960
6.5,Master,62053
16.3,Bachelor,54070
10.1,Master,98700
13.4,Master,68662
,Master,99367
,Bachelor,108260
7.0,PhD,106197
11.0,Bachelor,45170
15.8,Bachelor,92004
15.6,Master,73555
7.7,Master,63843
14.2,PhD,67071
18.9,Bachelor,119778
12.9,Master,106519
3.8,Master,58642
13.9,Master,91130
3.0,Bachelor,67746
17.6,Master,120000
10.8,Bachelor,120000
8.3,Bachelor,64979
2.1,Master,62320
8.2,PhD,98108
18.2,PhD,93424
,Bachelor,53359
10.0,Master,107137
18.7,Bachelor,75255
,PhD,100017
9.1,Master,72341
12.0,PhD,107703
,Bachelor,88742
4.2,Master,81766
1.4,Bachelor,93133
12.6,Bachelor,74112
18.5,Master,60656
3.0,Master,58674
5.0,Master,66702
8.0,Bachelor,46066
16.4,PhD,109755
,,74606
17.8,PhD,53461
2.0,PhD,106002
18.9,Bachelor,90447
11.7,Bachelor,85509
13.5,PhD,72098
8.0,Master,70676
15.9,Master,81266
4.2,PhD,111745
1.9,,48634
8.5,Bachelor,92842
17.2,Master,120000
15.3,Master,104818
10.8,PhD,76853
11.9,Master,105961
3.5,PhD,107406
17.0,Master,100559
,Master,118727
,PhD,80438
9.9,Bachelor,108716
19.3,PhD,115210
17.7,Master,81093
13.2,Master,88346
8.1,Master,89482
12.7,PhD,108011
11.9,PhD,113230
,Bachelor,45301
6.8,PhD,103589
8.7,PhD,109977
11.9,PhD,96355
9.1,PhD,103191
6.0,Master,53784
15.5,Master,80684
11.1,PhD,114257
2.3,Bachelor,117418
8.0,Bachelor,65068
17.8,Bachelor,93111
,Bachelor,113163
7.1,PhD,107859
18.8,PhD,101437
2.5,Master,45955
19.3,Bachelor,98666
5.7,Bachelor,97715
1.2,Bachelor,96421
9.2,Master,113282
7.8,Master,77454
11.2,Bachelor,120000
16.1,PhD,99656
17.0,Master,93863
8.6,PhD,120000
9.2,Master,103549
3.8,Master,109259
1.9,Bachelor,77410
13.2,Bachelor,82501
2.2,Master,73428
14.9,PhD,68327
11.2,,83606
4.8,PhD,87992
11.3,PhD,63862
4.5,Bachelor,115962
,Bachelor,81368
16.2,Bachelor,92602
9.8,Master,73553
3.8,Bachelor,40000
14.8,,120000
,Bachelor,64524
15.0,Bachelor,96249
10.1,PhD,97897
,Bachelor,86041
17.2,Bachelor,87902
14.5,PhD,65106
1.6,PhD,74144
6.6,PhD,84359
17.5,Bachelor,106082
1.3,PhD,80765
11.4,PhD,63776
14.8,Master,52290
12.8,Master,106344
15.5,Master,71605
14.8,Master,48860
14.1,PhD,92832
,Master,69094
13.3,,87284
8.6,PhD,63221
10.0,PhD,119920
14.6,Bachelor,62504
,Bachelor,67827
6.2,Master,120000
7.5,Bachelor,61860
18.7,Bachelor,100710
12.0,Master,64703
4.4,Master,52769
13.6,PhD,103756
19.8,Bachelor,120000
16.6,Bachelor,83720
15.2,Master,95747
5.0,Bachelor,82711
,PhD,79291
11.0,Master,92861
17.9,Master,66126
7.3,Master,66265
2.2,Bachelor,78217
10.0,PhD,109216
6.1,Bachelor,77427
14.6,Master,97431
19.2,PhD,70728
14.1,Bachelor,69228
17.9,Bachelor,107633
9.6,PhD,107774
15.7,Bachelor,79729
17.0,Master,71554
14.5,Master,120000
10.6,Master,48943
12.9,Bachelor,97136
14.3,Bachelor,100688
5.8,Master,97695
16.4,Master,120000
19.1,PhD,100291
9.8,Bachelor,66730
14.3,Master,73127
15.0,Bachelor,70427
13.6,Bachelor,50937
11.4,PhD,119041
17.8,Master,52053
9.5,Master,96210
2.2,PhD,100223
17.0,Bachelor,107489
13.8,Bachelor,92727
17.1,Master,109815
3.6,Bachelor,73698
1.6,Bachelor,102296
18.8,PhD,74417
,Bachelor,111022
16.4,Master,61943
16.6,PhD,74244
14.5,Master,84880
,PhD,104807
13.7,Master,111369
17.9,Bachelor,60068
,PhD,64002
8.9,Master,69398
9.4,Master,81180
2.6,Master,81474
17.9,Bachelor,78928
17.5,Bachelor,100814
20.0,Bachelor,78319
,PhD,120000
15.3,Bachelor,63332
4.9,Bachelor,91035
,Master,88086
13.3,PhD,72313
18.1,Master,78529
16.8,Master,83672
,Master,64463
17.5,Bachelor,83856
17.5,Master,83808
2.2,Master,58450
17.1,PhD,89161
12.5,,74685
,Master,56775
2.1,PhD,56638
13.9,Master,89746
7.2,PhD,109219
9.9,Master,113962
14.0,PhD,47665
18.3,Bachelor,40675
16.7,Bachelor,51524
9.6,Master,78742
8.4,Master,91255
5.6,Bachelor,78151
8.1,Bachelor,107222
3.1,Bachelor,92747
19.5,Bachelor,116763
11.9,Bachelor,54063
3.4,PhD,52961
7.7,PhD,70798
11.4,,55377
11.1,Bachelor,114671
,Master,59740
,PhD,94474
6.2,PhD,71362
1.3,Bachelor,60030
2.5,PhD,52207
12.0,PhD,58962
,Bachelor,85280
1.8,PhD,120000
8.2,Master,90027
12.8,Bachelor,91283
3.1,Master,46976
7.0,Bachelor,112988
8.9,PhD,53080
,Bachelor,113800
10.6,PhD,89411
2.6,PhD,42713
1.9,PhD,76423
10.9,Master,120000
5.7,Bachelor,65572
2.8,Bachelor,57745
,PhD,59858
18.4,Master,90383
14.8,Master,58590
16.5,PhD,104424
17.6,Bachelor,115798
19.5,Bachelor,117000
15.5,Master,52302
12.6,PhD,97334
7.9,Bachelor,48503
4.5,PhD,88603
14.0,Master,107189
19.9,Master,89194
,PhD,116816
14.7,Master,108968
10.4,Bachelor,64492
9.2,PhD,101248
8.8,Master,46101
10.6,PhD,72108
8.0,Bachelor,61010
,Bachelor,116837
17.6,Master,81816
17.8,Bachelor,98179
5.3,PhD,108800
18.0,PhD,106556
7.5,Bachelor,100149
,PhD,62882
14.8,PhD,102116
6.8,,79777
,Bachelor,89997
,Bachelor,42217
14.7,Bachelor,65846
7.2,PhD,120000
13.0,Bachelor,68230
13.5,Master,74207
14.9,Bachelor,56624
18.0,Bachelor,56087
9.2,,57813
4.2,Master,86021
7.1,Master,120000
9.2,Bachelor,69357
,Master,73663
1.2,Bachelor,75447
7.0,Master,75869
15.8,Master,120000
13.7,Master,82566
14.9,Bachelor,81504
16.4,Master,100496
15.9,Master,108972
14.0,Bachelor,90845
,PhD,63615
19.7,Master,55862
11.8,Bachelor,107321
4.9,Master,111032
6.6,PhD,45332
14.2,Master,110542
18.6,PhD,97194
4.4,Master,82258
2.6,Master,44577
17.7,PhD,116794
18.4,Bachelor,63389
6.3,Bachelor,99361
8.2,PhD,46111
13.5,Master,110261
7.3,Bachelor,40000
17.7,PhD,68220
3.0,Master,67285
,Master,55048
,PhD,80863
6.4,PhD,66179
3.1,PhD,120000
2.2,PhD,84556
15.4,PhD,88855
,PhD,53865
18.4,PhD,81385
8.0,Master,58127
13.7,Bachelor,111769
5.3,PhD,78826
5.6,Bachelor,98384
11.9,Bachelor,74555
11.7,Master,120000
15.6,Master,68107
15.4,Bachelor,51259
13.7,Bachelor,92536
9.5,Bachelor,115989
17.9,PhD,82894
,Bachelor,43529
19.8,Master,81416
16.6,Bachelor,110507
1.8,Master,51954
7.1,Bachelor,49007
11.9,PhD,106430
14.7,PhD,114319
11.5,PhD,116015
15.9,Master,120000
6.4,Bachelor,54108
4.5,PhD,88881
,Bachelor,85477
11.9,Bachelor,107444
14.1,PhD,112714
7.2,PhD,117961
12.7,Bachelor,81541
2.0,Master,43804
2.9,PhD,72143
14.3,Master,97793
8.0,Master,66357
13.8,Bachelor,113006
16.8,PhD,67014
,,43706
4.3,Bachelor,80085
10.2,Bachelor,95916
14.9,Master,79744
15.7,Bachelor,96748
15.9,Bachelor,87814
5.3,Bachelor,61765
4.7,Bachelor,44062
12.2,PhD,101424
15.1,Master,73325
7.1,PhD,120000
3.0,Master,92682
14.6,Bachelor,78182
,PhD,70764
4.2,Master,59549
3.8,PhD,97502
7.0,PhD,90729
12.3,Master,109142
7.8,PhD,69144
1.4,Master,70474
2.8,,54742
6.5,PhD,81504
13.5,Bachelor,81034
2.9,PhD,120000
11.7,Bachelor,102544
3.3,Bachelor,113559
5.0,PhD,67483
4.3,PhD,54841
2.3,Bachelor,56134
13.8,Bachelor,66371
9.8,Bachelor,94035
16.8,Master,69113
2.9,Bachelor,115130
3.7,Master,119426
,PhD,69829
15.6,PhD,109734
6.8,PhD,94513
8.8,Master,52679
6.7,Master,120000
2.5,,59046
18.8,Bachelor,110586
11.4,Master,76893
16.0,Master,66925
,Master,88563
10.8,Bachelor,120000
2.7,Bachelor,57198
,PhD,56694
4.0,Master,73624
8.9,PhD,47733
13.0,PhD,102970
15.9,Bachelor,110195
14.0,PhD,120000
13.8,Bachelor,101458
3.8,Master,113252
,Bachelor,94693
1.8,Bachelor,118660
,Master,59409
19.1,Master,85713
6.0,Master,120000
2.7,Master,99828
10.0,Master,116405
,Bachelor,51772
11.5,,120000
1.9,Master,89799
19.5,PhD,59682
16.7,Bachelor,45903
3.5,PhD,59952
18.5,Bachelor,117485
9.6,PhD,91574
8.1,Master,120000
9.8,Bachelor,76044
16.9,PhD,120000
13.5,Master,82843
2.1,Bachelor,59757
19.2,Master,47067
,Bachelor,120000
15.2,Master,71393
13.1,Master,60268
4.6,PhD,40000
4.2,Master,67673
17.5,Bachelor,120000
,Master,87869
13.4,Bachelor,91028
,Master,115103
14.8,,89848
10.1,Master,114440
6.5,Master,71139
7.9,Bachelor,120000
17.3,Bachelor,52509
9.9,Master,102131
,Master,93970
18.8,Bachelor,64761
16.1,Bachelor,77488
2.1,Bachelor,72109
20.0,PhD,62143
14.2,Bachelor,92430
4.0,PhD,120000
5.5,Bachelor,81631
14.2,PhD,90492
15.8,Master,51178
,Master,46373
5.9,,86474
6.8,Master,117558
12.4,PhD,112600
4.3,Bachelor,65859
3.0,Master,85687
13.9,Master,83246
15.8,Master,105352
10.5,Master,100559
7.9,Bachelor,115178
9.2,Bachelor,46258
8.4,Master,120000
19.2,Bachelor,47095
15.6,,79863
5.0,,119662
8.3,Bachelor,76037
,Bachelor,51690
12.6,Bachelor,70651
9.9,Bachelor,93992
16.4,PhD,57801
,PhD,82921
10.6,PhD,70587
17.2,Master,111303
15.3,Bachelor,50573
15.8,PhD,95786
19.2,Master,79964
,Master,95889
6.1,Bachelor,51828
17.9,Master,102638
15.7,PhD,107714
18.6,Master,54683
2.2,Bachelor,108632
,PhD,114839
,Master,47904
,PhD,92117
4.0,Master,90379
3.4,PhD,45715
1.2,Master,78653
13.0,Master,120000
7.8,Master,87229
3.0,PhD,118062
7.1,PhD,95615
4.2,Bachelor,40789
18.9,Master,57940
7.1,Bachelor,97434
7.3,PhD,86467
17.0,Bachelor,52309
13.3,PhD,92469
14.5,Master,116308
13.1,Bachelor,104882
19.0,Bachelor,63981
4.9,PhD,65272
19.8,Master,120000
16.8,PhD,115295
12.2,Master,63679
13.6,Master,118196
13.3,Master,63369
2.1,Bachelor,58266
,PhD,63621
19.3,Bachelor,62379
11.2,PhD,112057
8.2,Bachelor,83164
15.5,PhD,71674
11.0,PhD,106858
1.3,Bachelor,104791
15.0,Bachelor,51083
14.9,PhD,102370
4.1,Master,98065
19.2,Bachelor,109025
5.3,Bachelor,95706
9.7,Bachelor,59995
3.2,Master,64334
12.5,Bachelor,114026
8.1,Master,110728
7.7,PhD,67524
16.7,PhD,56462
1.2,PhD,112716
16.2,Bachelor,80942
11.9,Master,71295
19.7,PhD,74144
12.2,Bachelor,77775
2.1,Master,75483
2.0,,76386
17.8,Master,55766
17.0,Master,119624
7.6,,111253
,,120000
10.3,Master,120000
19.4,PhD,102728
19.0,Master,58111
19.7,PhD,49515
17.5,Bachelor,51104
18.3,Master,73889
5.1,Bachelor,81481
16.8,PhD,120000
14.5,PhD,87185
19.3,Bachelor,89485
,Bachelor,103672
2.6,Master,55390
12.4,Bachelor,120000
14.0,PhD,92288
5.2,PhD,70080
8.5,PhD,120000
12.4,Bachelor,94196
8.1,Master,79397
8.1,PhD,98374
3.5,,109239
18.9,Master,60300
15.3,PhD,120000
1.0,Bachelor,116644
,Master,96171
15.1,Master,108189
1.2,Bachelor,109638
,Master,76168
12.5,Bachelor,120000
,Master,96989
15.8,Bachelor,74589
9.1,Master,105081
3.9,PhD,87438
19.6,Master,53783
5.6,PhD,108819
14.6,Bachelor,92072
,PhD,99931
7.3,Bachelor,58162
9.4,Master,89430
4.7,Master,112515
9.5,,120000
,Bachelor,118837
11.6,Master,113904
13.6,Master,66072
2.2,PhD,112103
17.6,PhD,72288
4.5,Master,52501
5.3,Master,54374
13.6,PhD,115898
9.9,PhD,54487
10.5,Master,58613
3.4,Bachelor,66220
16.3,PhD,96361
12.7,,120000
3.6,Bachelor,73283
,PhD,88890
16.4,Master,54734
11.8,Bachelor,74730
3.1,Bachelor,50710
,Master,75237
5.6,Master,93440
10.8,Master,72996
17.0,PhD,112319
9.3,PhD,120000
9.2,Bachelor,50855
18.2,PhD,57041
11.9,Master,105547
,Bachelor,62468
,Master,71765
12.5,PhD,72656
11.9,Bachelor,109818
8.5,Bachelor,91542
19.8,Bachelor,54151
17.8,Bachelor,40000
15.2,Bachelor,62195
11.2,Bachelor,70048
9.8,PhD,76290
4.5,Master,105892
,Master,64731
15.7,Master,76596
9.6,Bachelor,76558
17.8,PhD,54432
3.8,Bachelor,115754
10.7,PhD,53182
13.3,Bachelor,59211
10.8,Master,53191
,Master,81619
19.8,Master,120000
3.2,Master,50524
3.5,PhD,76943
3.5,Bachelor,40566
13.9,Bachelor,102372
8.1,Bachelor,91165
14.9,PhD,110625
8.7,Bachelor,82985
12.9,,120000
15.6,PhD,85504
11.4,PhD,92164
11.3,Master,107636
2.7,Master,86896
8.8,Master,60312
11.4,Master,67331
9.8,Master,47702
18.1,Bachelor,84450
18.2,PhD,96656
16.6,Bachelor,47662
,PhD,85411
,PhD,120000
,,64638
5.4,Master,57451
7.5,PhD,120000
,Master,91502
7.3,PhD,56278
9.8,Bachelor,84698
19.2,PhD,113256
7.0,PhD,88813
18.1,Master,96353
5.3,Bachelor,84978
4.6,Master,106635
10.9,Bachelor,75395
13.8,Master,95320
1.8,Master,120000
5.2,Bachelor,71779
9.7,Master,114536
7.3,Master,69955
14.5,PhD,67866
10.7,PhD,120000
4.0,Master,49238
18.0,PhD,70710
6.6,PhD,71251
14.9,Master,82565
15.8,PhD,106305
19.3,Bachelor,62485
10.5,PhD,56544
12.7,PhD,82750
7.4,PhD,88276
13.9,PhD,96201
,PhD,94122
9.3,PhD,89422
17.3,Bachelor,61542
2.0,Bachelor,102629
17.8,Bachelor,61796
,PhD,59515
10.6,,105414
10.3,Bachelor,67072
7.9,Master,90722
19.9,Master,81960
3.1,Bachelor,76867
12.2,Bachelor,68521
14.0,Bachelor,120000
18.8,Bachelor,71817
15.8,Bachelor,92911
13.2,Bachelor,116762
3.2,PhD,90737
8.1,Bachelor,84144
3.6,Master,84165
17.7,Bachelor,87489
15.2,Master,110347
15.4,Master,48947
13.4,Master,112120
10.6,Master,83563
3.8,Master,118707
7.3,,44577
,Master,120000
14.8,PhD,60914
4.0,PhD,111043
14.3,,82579
14.2,PhD,102538
9.7,Master,91676
3.6,Master,50767
7.0,PhD,91867
,Bachelor,65633
14.3,Master,93707
3.2,,107073
,Master,54820
15.5,Master,85051
,PhD,98823
14.7,Bachelor,67048
13.7,Bachelor,120000
15.2,Master,91271
4.6,Master,57186
4.0,PhD,43733
5.5,Master,91685
8.0,Bachelor,78693
16.1,Bachelor,51078
15.0,PhD,44739
18.6,Master,102527
2.1,Bachelor,89678
1.2,Master,53221
14.3,Bachelor,90297
6.3,Master,114394
7.3,Master,120000
11.4,Master,120000
2.9,Master,106857
13.2,Bachelor,63760
7.2,PhD,66503
13.0,Bachelor,76593
16.8,PhD,99124
4.3,PhD,117366
18.7,PhD,62502
11.1,Master,84092
18.5,,108206
,Bachelor,75416
12.5,Bachelor,85427
8.7,PhD,62913
15.7,Master,120000
12.5,,73538
10.4,Bachelor,86064
18.3,PhD,58580
,Master,81586
5.2,Bachelor,58453
12.6,PhD,61632
12.9,Bachelor,59986
9.3,Master,44152
,Master,92474
19.2,,70598
14.9,PhD,116190
,Master,58391
5.0,Bachelor,46602
19.5,Master,109131
14.8,Master,49069
18.4,Master,48322
6.8,Master,58356
15.1,PhD,110502
14.6,PhD,120000
6.6,Master,83784
11.5,Master,97070
12.9,PhD,91814
10.1,PhD,120000
16.7,Bachelor,54803
16.8,Bachelor,106893
17.2,Bachelor,68505
16.3,PhD,78876
10.3,Master,62056
8.2,Master,100179
16.8,Master,100107
10.3,Master,89813
5.7,Bachelor,91633
10.6,Master,85989
3.7,Master,103658
14.1,Master,60480
,,82270
6.0,Bachelor,56099
19.2,Master,81694
15.8,PhD,111283
16.0,Bachelor,100080
12.9,Bachelor,93333
16.9,Bachelor,68653
15.4,Master,104951
12.4,,65196
19.3,Bachelor,120000
4.6,Bachelor,71726
18.9,PhD,110172
8.6,Bachelor,108632
,PhD,119475
3.3,Bachelor,78628
11.3,PhD,65740
12.6,Master,74433
20.0,Bachelor,75150
19.5,PhD,101969
19.4,Bachelor,120000
7.6,Bachelor,52536
19.8,PhD,93788
9.7,Master,116736
17.2,Master,49388
,Bachelor,79894
10.6,Master,107677
19.4,Bachelor,114758
19.0,PhD,95827
14.0,Master,46792
16.2,Master,57790
4.4,PhD,91833
14.7,Bachelor,52394
12.7,Master,52220
2.7,PhD,103579
3.2,PhD,104931
3.1,Bachelor,111252
14.8,Bachelor,53510
3.7,Bachelor,60208
9.9,PhD,105006
7.8,Master,105860
11.5,PhD,105285
14.4,,120000
,PhD,118866
10.8,PhD,78526
9.8,Master,72986
8.6,Master,94629
,PhD,105596
7.3,Bachelor,65171
5.9,PhD,107342
15.1,Master,56922
7.8,Bachelor,108373
17.1,Bachelor,49737
7.2,Master,81364
14.3,PhD,120000
1.9,PhD,55458
8.3,PhD,86137
7.5,Master,52583
16.5,PhD,115895
19.4,Master,120000
9.8,PhD,120000
16.7,Master,116408
14.3,PhD,105218
19.4,PhD,54770
16.4,Bachelor,68698
2.5,PhD,77542
14.6,Master,93786
11.2,Master,113360
,Bachelor,53644
5.8,PhD,56195
18.5,Bachelor,89147
,Bachelor,59308
16.2,PhD,100739
19.7,PhD,95012
16.3,Master,110464
1.2,Master,48247
6.5,Bachelor,119108
1.6,Bachelor,46261
2.8,Master,70949
5.2,PhD,92916
10.6,Bachelor,49948
17.1,PhD,59545
,Master,46667
12.7,PhD,81987
,Master,113544
10.5,Bachelor,87072
17.9,Master,100204
9.6,,69105
6.3,PhD,49164
18.4,Bachelor,40000
8.4,Master,115986
10.6,,50852
7.2,Bachelor,120000
13.6,,47773
19.9,Master,101368
1.5,Bachelor,106875
18.1,Master,73164
1.1,PhD,93578
7.9,PhD,84942
4.2,Master,65377
15.4,PhD,62709
2.0,Master,107561
11.5,Master,59879
6.6,Master,71408
3.5,Master,120000
,Master,76984
5.1,PhD,72262
5.2,Master,120000
6.2,PhD,79503
12.1,Master,73260
13.5,Bachelor,114742
1.3,Master,68207
5.6,Bachelor,52412
,PhD,78702
7.3,Bachelor,95833
,Master,50726
16.0,PhD,82818
12.9,Bachelor,63362
7.4,Bachelor,59587
14.3,Bachelor,92523
17.0,,65904
12.3,Bachelor,88112
15.9,PhD,88457
15.2,PhD,67551
11.9,PhD,69636
6.9,Bachelor,56646
15.2,,52199
4.9,Master,104406
15.8,Master,100742
16.3,PhD,66275
16.6,Bachelor,99032
10.0,Bachelor,120000
4.7,Master,51664
2.9,Bachelor,75878
15.1,Master,106197
17.8,Bachelor,50276
13.4,Master,111857
3.7,Bachelor,115103
18.8,Bachelor,59050
19.8,Bachelor,111744
9.2,Bachelor,77243
12.3,PhD,59767
15.8,Bachelor,84808
15.0,Bachelor,51390
,Bachelor,90948
3.2,,52301
,Master,93302
14.1,PhD,88967
17.9,Master,83805
,Master,61589
19.6,PhD,65964
10.7,Master,62160
16.8,PhD,106246
9.1,Bachelor,54479
9.0,Bachelor,92252
5.8,Bachelor,62644
16.5,Bachelor,88796
19.7,Master,91087
5.9,Bachelor,78545
2.1,PhD,94723
16.5,Master,81016
12.8,PhD,113090
19.2,Bachelor,109355
5.8,PhD,87472
2.3,Master,116360
,,109362
2.6,Master,94663
6.0,PhD,48091
3.4,Master,84374
5.3,Bachelor,69508
3.0,Bachelor,80468
19.1,PhD,94257
6.3,PhD,100115
,,84388
18.1,Bachelor,96183
13.9,PhD,49203
12.7,PhD,62857
14.4,,83817
16.7,Bachelor,80403
17.7,PhD,112618
13.2,Master,47289
17.9,Master,63144
11.2,Bachelor,90617
6.3,PhD,89651
17.7,PhD,62277
11.3,Master,69509
18.2,Bachelor,55771
1.8,Master,40893
8.6,Master,49037
19.0,PhD,98008
5.7,PhD,107961
18.9,Bachelor,65158
19.1,PhD,55903
17.8,Bachelor,94924
11.7,Master,110938
13.3,Bachelor,49410
,Master,73740
15.7,PhD,66337
,PhD,62433
19.7,Bachelor,99052
14.0,Bachelor,120000
19.5,Bachelor,102627
2.1,Master,117553
3.6,Master,78522
9.6,Master,109733
8.3,Master,55603
15.9,Master,55268
,Master,93626
19.5,Master,70699
7.0,PhD,66955
9.1,Bachelor,102164
6.2,PhD,79324
12.0,Master,90741
2.1,Bachelor,67497
,PhD,104023
15.2,PhD,62222
4.5,,79681
5.5,PhD,44962
16.1,Master,110373
,Master,91462
9.3,PhD,59760
1.4,PhD,57776
7.6,PhD,67998
14.3,Master,85092
2.7,Bachelor,88685
17.9,PhD,67347
18.3,Bachelor,111350
3.0,PhD,113446
19.8,Bachelor,47020
6.7,PhD,75572
,Master,87410
1.1,PhD,93280
8.8,PhD,46991
,Master,67180
7.3,Master,50958
,PhD,93744
14.6,,100875
7.7,Bachelor,61071
15.0,PhD,77424
18.9,Master,74957
2.8,PhD,111537
6.8,Bachelor,51849
9.8,Master,101163
10.5,Master,109925
11.3,Bachelor,112895
6.7,PhD,98191
13.7,PhD,59584
13.3,Bachelor,108507
12.0,,103353
3.2,Master,94703
10.1,PhD,47259
7.8,Master,45604
10.3,Master,104076
18.5,Master,120000
10.1,PhD,108782
1.3,Bachelor,104071
9.3,Master,86076
16.6,Bachelor,69844
,Bachelor,100049
,Master,103872
,Master,95041
9.8,Bachelor,120000
,Master,76635
20.0,Master,48697
13.2,Bachelor,108038
14.2,,54175
10.3,Bachelor,106713
7.7,Master,105198
16.4,Master,77818
,Master,102410
19.9,,71668
9.7,Bachelor,104577
2.3,Master,56687
14.0,PhD,99750
1.9,Bachelor,93671
5.8,Master,77877
7.7,Bachelor,99887
15.1,Bachelor,115821
10.4,Master,102183
1.5,Master,117061
,Master,84798
8.8,PhD,91712
18.5,Bachelor,62197
10.5,Master,120000
,PhD,48131
5.2,Master,72666
15.5,Bachelor,72999
14.7,Bachelor,76314
18.2,Bachelor,107924
1.6,Bachelor,73721
,Bachelor,109463
13.9,PhD,77460
2.8,PhD,113213
8.8,Bachelor,83960
18.9,PhD,77941
9.3,Master,77184
19.7,,75027
2.1,Master,61364
14.6,PhD,75436
12.0,Bachelor,61664
10.5,PhD,73465
19.4,Master,103902
3.5,Master,79198
18.0,PhD,109328
14.1,Master,118798
5.9,PhD,78854
,PhD,84429
9.2,Master,55414
16.5,Bachelor,72914
8.4,PhD,102808
17.2,Bachelor,59423
13.1,,60843
3.7,Bachelor,70355
13.3,Master,112084
4.6,PhD,97038
,PhD,120000
4.2,Master,111436
1.4,Master,43978
5.0,Master,50257
,,75681
10.1,Master,85415
10.5,Master,91755
5.7,,48995
14.0,PhD,57466
14.4,Master,44748
7.8,Master,115188
17.7,Master,111498
13.2,PhD,60234
14.5,PhD,68213
6.3,PhD,47463
1.0,PhD,113831
,Master,118909
16.6,Master,69561
3.3,PhD,72377
,PhD,69418
,Bachelor,77793
13.4,Master,105599
17.3,Master,96747
3.7,PhD,120000
9.2,PhD,56593
2.8,Master,104568
8.4,PhD,73178
1.3,PhD,75347
18.1,Bachelor,101223
11.0,PhD,120000
17.1,Bachelor,103309
2.1,Bachelor,104226
,Bachelor,100842
5.9,PhD,70146
8.3,PhD,112137
16.3,PhD,111381
8.3,PhD,89008
4.9,Master,86821
2.2,Bachelor,99615
2.5,PhD,102072
,PhD,82458
9.5,PhD,115316
14.8,Bachelor,115821
14.0,PhD,60567
3.6,Master,107160
3.7,,68867
,Bachelor,57288
14.7,Master,100112
8.2,Bachelor,119141
2.5,PhD,42353
1.2,Master,110518
6.5,Bachelor,77365
1.2,Master,107744
5.4,Bachelor,110679
9.0,PhD,116633
3.3,PhD,107815
,Bachelor,99378
18.0,Master,60210
12.1,,70683
18.8,Bachelor,68780
7.6,Bachelor,105743
13.9,Master,59217
4.9,PhD,57152
12.7,Master,118134
3.5,PhD,99022
1.0,PhD,117835
18.7,Master,60394
11.5,Master,76559
18.6,Bachelor,64387
7.3,Bachelor,48561
7.2,PhD,70717
8.6,PhD,86461
14.4,Master,55828
11.8,Bachelor,91908
18.6,Master,70407
1.5,,47219
14.5,Master,100585
7.3,Bachelor,104664
4.4,Bachelor,109751
10.7,Bachelor,86979
10.6,Bachelor,120000
3.6,Bachelor,110213
4.8,Bachelor,90281
8.8,PhD,84654
8.8,Master,54279
7.0,Master,104006
3.8,Bachelor,89343
1.1,Bachelor,119590
,PhD,100964
18.9,Bachelor,120000
10.2,PhD,110268
19.9,Bachelor,120000
13.8,Master,80529
2.3,PhD,45843
3.2,PhD,107286
,Master,110663
13.0,Master,61431
17.0,Master,115684
18.1,Master,95867
9.5,Bachelor,49675
1.9,Bachelor,77540
4.6,Master,118780
2.3,Master,88536
4.6,Master,106667
8.8,Master,45780
3.2,Master,97230
4.2,PhD,120000
9.5,Master,85905
7.5,Master,67145
9.9,Master,101334
9.2,PhD,120000
13.2,PhD,61346
18.8,PhD,82446
3.0,PhD,50878
2.9,Bachelor,84288
17.2,Master,92214
,Bachelor,117085
15.6,Bachelor,73963
5.1,PhD,99124
16.7,PhD,120000
18.6,,66704
13.1,PhD,105140
3.0,PhD,105621
18.0,Bachelor,72136
16.1,PhD,65870
15.3,Master,73258
1.7,PhD,63018
16.2,PhD,76073
3.6,Master,119809
5.2,Bachelor,79598
12.0,Master,106929
6.0,PhD,61394
13.6,Master,120000
12.6,Bachelor,114538
3.1,PhD,110487
13.5,PhD,76717
18.6,PhD,89459
4.1,Bachelor,94245
12.3,Bachelor,111327
7.5,Bachelor,113281
9.7,PhD,53526
6.5,PhD,114368
7.7,Bachelor,112145
1.5,Bachelor,81925
19.6,PhD,65789
12.9,Master,113334
10.5,Master,94008
8.3,Bachelor,110674
11.2,PhD,116799
,Bachelor,48745
7.8,Bachelor,94755
9.8,Bachelor,76584
6.2,Master,118748
4.4,Bachelor,55893
11.6,Bachelor,60117
17.0,,120000
3.9,Bachelor,53418
1.6,Master,100510
,Bachelor,67077
19.6,Master,89955
16.7,Bachelor,93374
12.3,Bachelor,82977
,Bachelor,120000
9.5,Bachelor,50308
19.7,PhD,73284
6.6,Bachelor,77445
5.6,PhD,92254
13.1,Master,77123
8.2,Bachelor,42950
,Bachelor,120000
6.8,Master,76341
,Master,72997
6.2,Master,74933
2.0,PhD,59540
18.3,PhD,57120
17.8,Master,55659
19.4,Bachelor,58073
14.6,Bachelor,67125
,Master,70546
11.6,PhD,97314
3.4,Master,88903
4.6,PhD,51070
,Bachelor,114722
17.9,PhD,108962
,PhD,120000
18.5,Bachelor,76097
10.9,Master,111832
14.6,Bachelor,47272
3.1,Bachelor,100297
6.1,PhD,64265
19.2,Master,65794
,PhD,84144
6.6,,88625
4.8,,86008
3.5,PhD,51356
5.4,Master,75190
13.2,Bachelor,120000
9.7,Bachelor,119340
11.5,Bachelor,92844
3.3,PhD,88595
16.2,Master,56586
15.9,Master,66315
1.4,Bachelor,65639
8.3,PhD,86395
2.3,Bachelor,106836
16.1,Bachelor,78605
15.0,Master,61784
18.1,PhD,87099
5.5,Master,53110
9.7,Master,105665
4.5,PhD,59177
8.1,PhD,83322
,Master,99478
2.0,Master,52731
14.6,Master,48516
11.3,Bachelor,87262
16.8,Master,48013
6.2,Bachelor,84603
18.2,,114045
20.0,Master,73325
18.5,PhD,98451
15.8,Master,120000
16.4,Bachelor,87809
11.9,PhD,120000
4.6,Bachelor,50631
13.9,Bachelor,102198
,PhD,106037
19.7,Master,116749
11.3,Bachelor,53019
6.2,Bachelor,65564
14.0,PhD,57284
19.6,PhD,120000
4.4,PhD,73458
,Master,116409
11.3,Master,71709
4.2,Master,54348
1.4,Master,66563
7.4,,96619
17.4,PhD,116813
1.8,Master,72940
9.1,PhD,120000
15.5,Bachelor,64871
19.1,Bachelor,100030
19.7,Master,108608
9.0,Bachelor,64440
19.1,PhD,49480
1.7,PhD,73506
15.2,Bachelor,49011
13.2,Master,112002
5.7,Master,120000
10.6,Master,112742
3.5,PhD,97286
17.6,PhD,65038
7.8,PhD,65154
,Master,105427
4.0,PhD,95364
4.9,Master,96356
19.8,Bachelor,108611
15.3,Master,78188
19.3,PhD,62482
6.6,,100684
4.1,PhD,81462
,Master,108817
10.4,Master,70320
4.3,Master,65755
,Bachelor,47612
7.9,PhD,115625
4.5,Bachelor,90425
7.3,PhD,70753
11.7,Bachelor,89569
14.8,Bachelor,84659
10.2,Bachelor,58689
,,67548
,Bachelor,60153
18.4,Bachelor,72863
,Bachelor,89715
14.0,Master,65404
1.3,,65667
11.2,,75552
13.0,Master,59079
19.9,Bachelor,120000
19.9,Bachelor,62670
17.3,Master,89227
2.2,Bachelor,49541
19.1,Bachelor,116528
12.6,PhD,120000
,PhD,75272
8.7,PhD,118856
7.1,Bachelor,58044
9.8,PhD,65512
3.8,Master,70253
7.8,Bachelor,76029
17.3,Bachelor,78832
,PhD,76631
3.9,Master,79112
3.4,Master,105046
8.7,Bachelor,62092
19.9,Bachelor,42956
4.3,PhD,83069
3.8,Master,75165
18.4,PhD,50314
17.8,Master,65817
1.6,Master,85887
,Master,67753
13.5,PhD,120000
15.6,Bachelor,61630
10.4,PhD,57065
19.8,PhD,74271
1.8,Master,115945
5.5,Bachelor,88856
8.5,PhD,66993
9.5,Master,46264
,Master,86645
,PhD,72873
1.9,Master,98409
8.7,PhD,89713
8.9,PhD,69358
19.3,Master,43665
,Master,106332
,Master,92711
14.6,PhD,110239
15.6,PhD,67458
13.1,Bachelor,92696
5.5,Master,47981
17.6,Bachelor,71997
14.9,Master,103662
15.1,Master,114626
19.9,Bachelor,69453
16.2,Bachelor,105455
16.8,,97225
19.1,Master,74023
3.9,Master,108421
10.5,Master,90657
12.0,,97448
,Bachelor,85664
16.9,PhD,77287
15.5,Master,110546
14.7,Bachelor,72283
19.9,Master,54768
5.9,Bachelor,106139
15.0,Master,113517
11.5,Master,75921
6.9,PhD,56365
4.1,Bachelor,97057
18.0,Bachelor,43798
,PhD,75955
16.7,PhD,57873
11.4,PhD,94400
5.2,Bachelor,44143
7.4,Master,93183
8.2,Bachelor,99000
19.5,Bachelor,87747
1.1,PhD,61288
19.7,Master,56149
19.6,Bachelor,69001
,PhD,83401
10.1,Bachelor,89122
19.3,Bachelor,43876
8.5,PhD,99403
1.5,Bachelor,105474
5.3,Master,73418
19.0,Bachelor,78359
1.3,Bachelor,106435
11.4,PhD,108154
2.4,PhD,120000
6.4,PhD,67581
2.7,Bachelor,109356
17.3,,48976
12.2,Master,76175
18.1,PhD,81113
14.1,Master,87585
19.4,PhD,95911
10.7,Bachelor,44934
13.1,Bachelor,111574
11.9,Master,93248
10.2,Master,120000
17.1,PhD,47193
13.2,PhD,94774
16.2,Bachelor,77784
15.9,Master,88753
4.6,Bachelor,95239
13.4,Master,62469
,PhD,60584
12.1,Bachelor,100099
13.9,Bachelor,85156
19.9,Bachelor,59982
1.6,Master,82395
2.7,PhD,80351
2.5,PhD,98830
8.6,Bachelor,40000
16.6,Master,96621
17.0,Bachelor,88814
15.0,PhD,115223
18.0,Master,112142
7.1,Master,82656
,PhD,61670
2.1,Master,40000
17.2,PhD,72333
14.9,Master,40150
14.3,Bachelor,112164
7.5,Master,108201
8.2,Master,84344
19.2,PhD,68695
2.2,Master,52817
15.7,PhD,114468
,PhD,110899
1.7,Master,61279
15.1,Master,89751
7.3,Master,66319
14.7,Master,62380
14.4,PhD,48515
11.2,Bachelor,103651
15.8,PhD,57720
12.0,Bachelor,46158
6.4,Master,51537
,PhD,78359
12.2,Master,99885
1.2,Master,56712
18.1,Bachelor,120000
11.4,Bachelor,62200
17.5,PhD,73778
17.8,Bachelor,67360
9.5,Bachelor,59063
10.6,Master,54438
8.9,PhD,66854
9.5,Master,118135
18.0,Bachelor,105359
16.0,PhD,117371
3.4,PhD,47406
12.6,PhD,81271
19.9,Bachelor,64236
,,105828
15.9,Master,120000
15.6,Master,114098
7.7,Master,48378
8.1,Master,73493
14.8,PhD,48724
10.5,Bachelor,47187
11.8,Master,51543
14.5,PhD,67266
15.8,Master,75634
,,80349
3.8,PhD,82563
6.5,Master,101344
10.6,Bachelor,56246
7.5,Master,61831
11.8,,102681
2.0,Bachelor,78796
10.7,PhD,58515
8.0,PhD,112635
11.2,PhD,80638
9.0,PhD,64010
6.4,PhD,73320
18.2,,79941
4.5,PhD,86597
13.9,Bachelor,68754
18.6,PhD,76894
11.2,Master,110058
17.7,PhD,78088
3.4,Master,90597
10.4,Bachelor,63685
9.7,Master,80228
1.2,PhD,57993
9.4,PhD,107368
8.0,Bachelor,110386
13.7,,45114
18.8,Master,60094
2.6,Master,117691
7.2,Bachelor,118045
9.4,Bachelor,71540
,Master,87030
15.7,Master,113617
9.4,Master,53595
,Master,103723
14.5,Bachelor,79962
17.8,Master,98262
10.8,,49558
12.0,PhD,86899
4.1,Master,87651
5.2,PhD,118527
5.5,Master,99789
9.2,Bachelor,111935
18.6,Bachelor,114806
,Bachelor,82249
4.6,PhD,49275
6.1,PhD,99127
,Master,120000
12.8,Master,54053
9.4,Master,87763
8.5,PhD,53949
11.7,Bachelor,43267
5.6,Bachelor,92795
2.5,Bachelor,95886
1.5,Master,93400
5.8,Master,120000
2.7,Master,40000
7.4,PhD,41445
15.7,Master,120000
14.6,Bachelor,84927
12.6,PhD,69171
17.2,Master,108219
,PhD,115537
17.8,PhD,113384
,Bachelor,108393
8.6,Bachelor,62941
8.7,PhD,66921
,Bachelor,109282
19.5,Bachelor,91153
3.6,Master,69760
7.5,PhD,87802
7.1,Bachelor,91146
2.4,Master,61729
3.9,Bachelor,100757
1.9,Master,50745
6.6,Bachelor,62476
17.5,PhD,96622
,Master,62804
3.4,Master,52174
13.3,Master,117672
19.9,PhD,100073
5.4,PhD,91101
6.3,Master,54987
19.5,PhD,72180
4.4,Bachelor,90351
10.7,Master,61112
5.6,Bachelor,87017
18.7,Bachelor,80692
19.6,Master,87262
16.5,Bachelor,58640
7.0,,45266
8.7,Bachelor,115340
5.6,PhD,116595
17.9,Master,67534
18.4,Bachelor,112850
9.0,PhD,105311
13.5,Bachelor,56183
4.1,Bachelor,66864
9.3,Bachelor,68306
,PhD,94837
8.3,Master,98864
7.8,Bachelor,120000
1.0,PhD,103577
,PhD,120000
17.9,Master,120000
19.4,Bachelor,113174
14.7,PhD,75978
11.4,Bachelor,62387
6.1,Bachelor,80161
20.0,PhD,96312
12.2,PhD,81501
13.9,Master,108035
14.0,PhD,117098
17.1,Master,81804
1.2,Bachelor,74508
5.2,Bachelor,110862
13.6,PhD,51296
18.0,PhD,62973
14.0,Master,111395
8.9,Bachelor,101768
,,82890
15.0,Bachelor,117928
15.1,Master,71222
12.5,Master,97455
6.5,Bachelor,82775
18.6,Bachelor,60327
11.5,Master,64646
16.0,PhD,120000
,Bachelor,51317
7.5,Bachelor,56719
17.6,PhD,84505
2.0,Master,46684
10.7,Master,118166
10.2,Master,50480
15.3,Master,104674
,,62229
5.2,Master,110557
18.6,Bachelor,92340
11.9,,74382
3.0,PhD,120000
,Bachelor,51697
20.0,Master,95048
4.7,PhD,120000
12.6,Master,100788
9.0,PhD,99711
17.8,PhD,50461
15.3,Master,53563
12.3,Bachelor,44525
1.2,Bachelor,114283
17.7,Master,120000
9.4,Master,72763
18.7,PhD,68034
10.4,PhD,56631
14.2,Bachelor,69682
2.3,PhD,73333
15.2,PhD,110655
7.4,PhD,112497
7.7,Master,107040
3.3,Master,91540
3.8,PhD,113743
4.5,PhD,111869
7.2,Bachelor,75937
17.9,Master,67610
8.0,Master,71413
14.8,Bachelor,100077
,Bachelor,120000
12.2,Bachelor,86870
,Bachelor,115399
19.6,Bachelor,45294
17.1,Master,111708
9.6,Bachelor,104939
15.7,PhD,97692
4.7,Master,111355
11.7,PhD,91125
2.4,Bachelor,59476
7.6,,62074
5.3,Master,90508
14.7,Bachelor,120000
10.3,Master,42965
15.3,Master,100761
10.8,Bachelor,101600
2.6,Bachelor,47153
15.0,Bachelor,55185
16.8,Bachelor,72645
18.2,Master,70679
,,63672
15.3,Master,58169
15.3,Master,55624
4.0,Bachelor,89297
4.1,PhD,104071
2.3,Master,96099
7.1,Bachelor,82174
,Bachelor,114124
20.0,PhD,114895
9.2,Master,114117
14.8,PhD,75028
14.2,PhD,120000
,PhD,108954
,Bachelor,74214
11.4,Master,48696
14.3,Master,90661
20.0,Bachelor,58498
7.8,PhD,78110
18.0,Master,84502
8.3,Master,98889
14.1,Master,111980
12.4,PhD,94320
2.0,PhD,96688
2.5,Master,56585
1.4,Bachelor,90216
8.0,PhD,74839
15.2,PhD,108215
4.3,Bachelor,69061
,Bachelor,83755
6.5,Master,74891
16.1,Master,116962
16.2,Master,120000
15.7,Master,74023
11.0,Bachelor,83789
6.4,Master,107563
16.4,PhD,115969
4.5,Bachelor,83057
6.5,Master,47428
4.5,Bachelor,79454
13.8,Bachelor,82970
14.0,Bachelor,79520
13.4,PhD,69741
8.9,Master,41146
2.9,Master,100338
18.3,Master,120000
10.6,PhD,120000
,PhD,90814
12.2,Bachelor,103395
4.7,PhD,59260
3.5,Bachelor,85398
8.7,Master,51562
,Bachelor,107163
5.6,Master,120000
18.0,PhD,118433
11.1,Bachelor,86133
10.2,,106127
14.1,PhD,120000
19.1,PhD,64967
3.1,Master,106837
16.8,PhD,65923
12.1,Master,109276
3.8,Bachelor,49135
6.6,Master,57754
10.2,Master,99229
14.1,Master,55879
5.6,Bachelor,57116
11.2,Bachelor,90072
14.0,Master,120000
9.5,Bachelor,71232
17.4,Master,108041
17.5,Master,110432
9.9,Master,83974
19.5,Bachelor,88378
2.4,Master,56432
1.1,PhD,80102
8.2,PhD,63382
12.4,Master,63437
13.0,Bachelor,82031
10.1,Master,63320
,PhD,106584
4.2,Bachelor,86649
17.2,Bachelor,120000
17.5,Bachelor,71931
13.8,Bachelor,56846
13.6,PhD,89207
12.4,Master,52410
4.9,Master,96376
9.1,Master,87225
14.2,PhD,88942
11.2,Bachelor,75888
1.4,Master,69375
19.1,Master,83630
17.1,Master,52192
6.0,Master,40000
12.7,Master,84132
18.5,PhD,56043
2.8,Bachelor,106451
10.6,Master,73528
9.7,Bachelor,47682
8.8,PhD,59013
,Bachelor,74223
8.2,Master,41019
2.2,PhD,53861
2.3,Bachelor,64938
1.8,Master,69778
8.8,Master,109746
14.6,PhD,115647
4.9,PhD,68127
13.3,PhD,58253
14.1,,92873
5.8,Bachelor,104633
12.4,Master,118496
14.0,Master,41150
,Bachelor,69117
7.4,Master,108110
12.8,Master,108033
19.6,Bachelor,52442
9.1,PhD,98679
8.4,Bachelor,65488
9.8,Bachelor,54676
2.4,PhD,83731
,,54488
7.2,Master,99800
3.3,Bachelor,104590
9.9,Master,114251
1.1,Master,76647
8.6,Master,43952
3.0,Bachelor,54698
1.5,PhD,83408
16.7,Master,103294
18.4,Master,78978
4.9,PhD,80445
,Bachelor,82100
6.3,PhD,53396
10.4,Master,96460
9.3,Master,81599
6.1,PhD,109246
14.3,PhD,107376
3.4,Bachelor,57391
2.0,Master,82965
15.6,Bachelor,104234
13.7,Bachelor,48363
10.5,Master,104422
9.9,PhD,68779
10.5,Master,80523
9.3,Master,120000
8.5,Bachelor,96854
10.5,Bachelor,80341
11.0,PhD,46438
14.1,Master,49701
14.5,Bachelor,91459
8.2,Master,88511
8.9,PhD,73881
,PhD,120000
11.2,Bachelor,71783
9.6,Bachelor,87308
17.9,PhD,92283
14.2,Master,80677
18.1,Master,83011
14.5,Bachelor,69149
19.4,,120000
13.1,Bachelor,79918
19.3,PhD,96481
4.0,PhD,98125
2.0,PhD,46490
12.0,Master,103528
19.7,Master,85393
8.9,Bachelor,96047
5.0,Bachelor,101396
10.9,PhD,110815
13.3,Master,81901
,Master,109275
14.6,Bachelor,66460
19.5,Master,96063
18.0,Master,49908
6.5,Bachelor,42741
7.2,Bachelor,40000
8.1,PhD,74879
8.5,PhD,44517
2.9,Master,91470
15.5,Bachelor,72108
7.9,PhD,103156
17.7,Master,44641
18.6,Master,71944
1.5,Bachelor,65427
19.8,Bachelor,65369
14.5,PhD,62202
10.9,PhD,118503
8.4,Master,73039
,,105837
7.2,PhD,64177
12.8,Bachelor,111222
2.8,PhD,70733
12.8,PhD,117030
6.2,Bachelor,64820
1.3,,50119
11.5,,81097
12.0,Master,89614
9.1,Master,58842
2.4,Bachelor,55111
18.0,Bachelor,109962
12.6,PhD,45251
3.2,Master,80754
10.7,Bachelor,83349
10.4,Master,96239
2.1,PhD,47415
12.5,Bachelor,84531
16.4,Bachelor,49813
15.2,Master,61866
4.9,Master,76609
17.4,Master,118361
7.5,Bachelor,50514
19.0,PhD,64020
2.4,Master,96184
10.2,Master,66412
12.3,PhD,101496
5.7,Bachelor,120000
15.7,Master,120000
12.9,Master,84677
1.3,Master,88636
12.6,PhD,120000
10.3,PhD,46598
4.7,Master,72312
19.9,PhD,84986
18.0,Master,68481
6.6,Bachelor,120000
11.3,Master,97846
7.0,PhD,78429
15.7,Master,118238
,,95401
7.8,Bachelor,109925
16.3,PhD,72424
10.5,Master,62062
8.5,PhD,69734
18.8,PhD,91698
10.7,Master,63894
9.9,PhD,64340
13.8,PhD,120000
6.0,PhD,115077
7.2,Bachelor,93849
,Bachelor,113250
13.9,Bachelor,120000
16.7,PhD,101117
6.2,Bachelor,79380
11.3,Bachelor,120000
19.5,PhD,89237
7.1,Bachelor,54040
4.0,Bachelor,70832
10.7,Bachelor,73755
8.4,Bachelor,115662
4.0,PhD,90222
17.9,PhD,120000
19.8,Master,106707
11.8,Bachelor,67414
15.7,PhD,114932
,PhD,59694
14.3,PhD,86413
1.8,Master,109489
4.0,PhD,83259
2.3,Bachelor,104867
1.2,Bachelor,62919
6.8,Bachelor,102197
8.5,Master,60427
5.6,Bachelor,82268
2.2,Master,73278
11.1,Bachelor,86306
6.2,PhD,65509
16.1,PhD,72189
1.2,Bachelor,91301
17.0,PhD,92926
19.1,PhD,85331
14.6,Bachelor,87406
,PhD,116540
18.7,Bachelor,114939
,Master,66135
,,65918
15.7,PhD,98443
14.8,Bachelor,54696
7.9,Master,72722
11.4,Master,67545
13.4,Bachelor,61050
12.8,Master,96272
,Master,81636
2.6,Bachelor,62665
7.8,Bachelor,107055
9.2,PhD,120000
6.0,PhD,107218
4.3,PhD,73239
3.6,Bachelor,46008
8.0,Master,53268
,Master,76523
2.2,Bachelor,63317
19.0,PhD,120000
15.5,Master,120000
14.9,Bachelor,111532
,Master,97800
12.5,Bachelor,93268
11.1,Master,106760
,Master,118958
,Bachelor,98981
11.9,,55666
,PhD,55666
3.9,Master,84565
1.3,Bachelor,69742
,Bachelor,120000
2.9,,92209
,PhD,100510
15.1,,40944
6.1,Master,83702
12.9,Bachelor,76712
18.4,Bachelor,101014
7.0,Master,73652
,PhD,119356
,PhD,101274
,Bachelor,88797
2.2,Master,109214
2.7,Bachelor,116500
9.2,PhD,66002
7.1,Bachelor,108668
14.4,PhD,51389
17.5,Bachelor,84799
15.9,Bachelor,52542
11.1,Master,92612
2.9,Bachelor,77141
14.5,Master,89477
7.9,PhD,100473
2.6,PhD,86996
17.0,,66872
7.4,PhD,110433
5.1,Bachelor,89514
17.6,Master,86166
18.1,PhD,120000
7.4,PhD,61921
7.7,Master,85513
12.0,PhD,103837
14.9,PhD,63699
2.2,PhD,66303
12.3,PhD,106620
19.1,Bachelor,67197
6.0,Master,90821
18.3,PhD,100369
19.1,Master,95373
6.1,PhD,97642
15.3,Master,116042
5.5,,77866
15.0,Master,101424
16.2,Master,99538
,PhD,74239
14.6,PhD,120000
,Bachelor,116772
7.8,PhD,59663
4.2,Master,102771
2.7,PhD,97809
11.9,Master,86312
19.6,PhD,120000
,PhD,96054
,Master,98170
11.2,PhD,72309
6.3,Bachelor,71527
4.1,Bachelor,84235
10.2,Master,105181
9.8,Bachelor,99113
,Bachelor,50936
19.1,PhD,72725
12.5,PhD,93779
12.5,Bachelor,106295
,PhD,102328
19.9,,87332
15.7,PhD,54240
17.7,Master,70781
8.9,PhD,72023
10.5,PhD,107822
10.9,PhD,56296
4.7,Bachelor,73769
,Master,99755
18.2,Bachelor,118605
4.1,Master,115505
,PhD,114020
15.0,Master,109334
6.2,Master,102363
12.9,PhD,107895
,Master,109935
7.1,PhD,118365
16.5,Bachelor,77537
11.4,Bachelor,75357
17.5,Master,75295
15.5,PhD,105883
17.5,Bachelor,107203
1.4,PhD,114073
,Bachelor,82748
2.7,Master,75568
9.4,Bachelor,118612
17.9,Master,68443
9.9,Bachelor,63701
17.1,Master,105442
7.2,PhD,64838
7.5,Bachelor,78200
18.0,PhD,75427
9.1,Master,64553
16.0,PhD,94319
5.5,Bachelor,71819
19.0,PhD,89774
11.9,Bachelor,58346
15.4,Bachelor,108457
2.7,PhD,66186
10.4,Master,60639
18.1,Master,70091
,PhD,75318
1.9,PhD,77160
6.8,PhD,91513
9.4,Bachelor,120000
4.3,Bachelor,119541
,Bachelor,83122
4.5,PhD,48942
7.6,Bachelor,89972
13.6,Bachelor,56194
10.2,Master,108769
15.0,Bachelor,69161
19.3,PhD,115885
3.2,Bachelor,120000
14.5,Bachelor,76028
5.4,Master,88692
8.9,Bachelor,87874
1.6,Bachelor,54749
3.6,Master,111400
,PhD,80539
7.5,,43504
18.1,Master,106709
15.1,PhD,71406
19.5,Bachelor,50348
12.4,Master,82158
5.6,Bachelor,100980
,Bachelor,93983
7.1,PhD,90872
7.2,PhD,63065
13.8,Master,85883
11.1,PhD,80135
8.3,PhD,119400
3.8,PhD,55555
1.4,PhD,65943
5.2,PhD,118348
3.0,PhD,120000
,Bachelor,108802
3.1,Master,40906
14.8,Master,91507
8.3,Master,74408
2.4,Bachelor,101396
16.4,PhD,58524
12.0,PhD,74331
5.5,Bachelor,76189
18.0,PhD,61999
1.9,Master,95495
4.8,PhD,120000
15.3,Bachelor,103410
14.5,PhD,87207
6.5,PhD,120000
2.2,Bachelor,52325
17.3,PhD,68085
7.0,PhD,91857
4.7,Bachelor,50206
10.8,Master,48165
18.3,Master,75164
1.8,Bachelor,114102
15.6,PhD,120000
11.9,Bachelor,88215
,PhD,67861
15.1,PhD,58235
19.4,Master,78224
5.4,Master,57924
3.7,Bachelor,46836
18.3,PhD,107041
,Master,91896
9.3,Bachelor,72673
11.9,Master,104804
15.2,Bachelor,110342
15.7,Master,83276
18.5,PhD,47086
9.1,Master,112600
,Master,97593
13.2,Master,74831
,Bachelor,89208
12.3,Master,76745
9.0,Bachelor,95976
3.9,PhD,79082
9.9,PhD,82388
14.1,Master,104961
16.2,Bachelor,91775
10.4,Master,42101
4.1,PhD,46209
8.9,Bachelor,70145
15.9,Bachelor,82419
8.8,Bachelor,71338
14.2,,104154
10.6,Master,55787
5.6,PhD,97284
16.1,Master,104675
2.6,PhD,52965
11.0,PhD,95248
5.0,Bachelor,117542
2.3,Bachelor,51754
10.6,Bachelor,119846
10.5,PhD,89893
14.4,Master,88107
15.2,PhD,54314
14.8,PhD,110915
8.8,Master,81276
13.0,Master,107438
12.0,Bachelor,112318
9.0,Master,95599
12.3,Master,69946
19.0,Bachelor,65561
4.7,,57559
18.2,Bachelor,120000
,Master,59090
6.9,Master,73632
6.5,Master,66749
12.9,PhD,113543
3.5,Bachelor,81341
17.8,Master,120000
16.7,Master,103205
13.4,PhD,120000
9.7,PhD,57137
18.7,Master,55594
16.8,PhD,52212
10.5,PhD,94034
14.3,Bachelor,107650
11.8,Master,55650
12.2,Bachelor,46631
7.3,PhD,88111
9.8,Master,65410
2.5,PhD,91980
7.8,Master,57495
14.2,PhD,93830
19.1,Bachelor,87556
19.3,Bachelor,93298
11.6,Master,67697
12.5,Bachelor,59382
4.5,Master,104229
14.2,Master,98908
2.3,PhD,92686
,Bachelor,89597
13.7,Bachelor,49777
6.9,Bachelor,113118
1.9,Bachelor,110375
16.8,Master,104358
6.9,,117837
2.2,PhD,56708
2.4,PhD,105233
5.8,PhD,120000
4.4,Bachelor,70529
15.7,Bachelor,40000
7.1,Bachelor,106960
16.3,Bachelor,47239
4.3,PhD,109624
10.4,,45764
14.1,Bachelor,99361
13.4,PhD,64636
,Bachelor,59359
,PhD,117165
5.3,Master,99004
10.4,PhD,71069
17.8,Master,62175
2.5,Bachelor,104893
2.1,Bachelor,96916
5.4,Bachelor,99734
13.0,Master,92361
5.9,Bachelor,69921
4.6,,109717
9.7,Master,93766
12.7,Master,89426
5.7,Bachelor,77174
6.7,Bachelor,92468
12.7,,116160
19.0,PhD,115443
13.8,PhD,116574
15.9,Master,90948
8.0,Master,94085
,PhD,110277
9.6,PhD,69794
16.3,Bachelor,74259
9.7,PhD,95380
17.1,PhD,118498
19.8,Bachelor,51417
,Master,54492
1.9,Master,58781
3.8,Master,68988
8.3,Bachelor,72471
3.5,Bachelor,85598
17.5,PhD,117095
1.4,Bachelor,84637
7.0,PhD,59507
4.5,Bachelor,112515
18.7,PhD,99334
13.7,PhD,64867
18.3,PhD,86129
19.5,Bachelor,100685
10.4,Bachelor,113823
5.5,Master,95167
4.7,Master,52862
,Bachelor,107779
14.5,PhD,68539
1.8,Bachelor,103864
2.0,Bachelor,103154
12.6,PhD,64682
13.2,PhD,62789
13.6,Bachelor,50768
8.1,Master,60305
,PhD,58502
11.1,Master,88719
3.0,,90484
16.1,Bachelor,91994
19.1,Master,96565
2.1,Master,95817
8.4,PhD,117832
10.3,Master,62783
3.8,PhD,100649
17.5,PhD,54650
6.4,PhD,59209
15.9,PhD,97988
13.7,Bachelor,89527
12.4,Master,101163
4.7,Master,79489
5.2,Bachelor,55969
,Master,115302
5.6,Master,60631
7.6,Bachelor,54475
,Master,75767
8.0,PhD,120000
15.3,Bachelor,78186
9.3,Bachelor,92122
,PhD,108612
19.5,Bachelor,96874
5.6,Bachelor,108966
17.4,PhD,80768
12.8,Bachelor,120000
16.5,Master,113221
13.4,Master,77105
9.1,PhD,85044
,,116763
2.3,Master,88294
,PhD,105585
19.8,PhD,114621
15.0,,92496
7.2,Master,54696
16.7,Master,73757
15.6,PhD,86013
6.4,PhD,45247
1.3,Master,72359
,Bachelor,102733
17.7,PhD,66066
16.9,Bachelor,44996
,Bachelor,112486
6.4,,92300
16.1,Master,63875
18.8,PhD,111933
15.8,PhD,103910
12.5,Bachelor,67000
5.6,Bachelor,63364
11.0,Master,50001
5.4,Bachelor,105926
,Master,79077
8.4,Master,96333
16.8,Master,116805
8.3,Bachelor,48352
16.7,Master,55799
7.3,PhD,58148
9.4,Master,64405
,PhD,114100
2.3,PhD,101359
19.0,PhD,61038
11.9,Bachelor,62687
10.6,Master,47592
16.9,,120000
17.4,Master,89419
10.9,Bachelor,88509
18.6,PhD,80424
2.2,Master,78729
3.2,PhD,43719
12.3,PhD,120000
7.7,Bachelor,104644
9.8,PhD,96680
7.2,Master,88644
8.7,Bachelor,87230
,PhD,74298
12.3,Master,62530
19.9,PhD,100530
16.0,Bachelor,49634
6.2,PhD,48368
6.0,Bachelor,93449
7.4,PhD,120000
17.0,PhD,118141
1.5,PhD,40490
5.4,Master,60533
18.2,Bachelor,91592
13.2,PhD,114854
5.3,PhD,119684
5.2,Master,118514
17.4,Bachelor,110149
18.0,Bachelor,61791
5.9,Bachelor,59668
9.0,Master,45228
16.9,PhD,95622
,Bachelor,50940
16.5,Bachelor,100004
,Master,105038
18.3,,50766
7.2,Bachelor,106969
4.0,Master,75741
14.5,Bachelor,115086
11.2,Master,119076
17.2,Master,55616
2.5,Bachelor,72089
17.0,Bachelor,56777
6.6,PhD,106140
13.4,Master,81218
1.8,Master,117545
12.6,PhD,62725
14.6,PhD,107358
8.0,PhD,118074
5.1,Bachelor,95330
11.2,Bachelor,42502
16.8,PhD,93928
7.1,Bachelor,51042
5.8,,40000
6.3,Bachelor,68667
19.0,Master,65660
7.8,Bachelor,112775
1.1,Bachelor,76120
,Master,108930
14.3,,52513
3.4,Master,44356
19.7,Bachelor,54779
12.6,Bachelor,59858
,PhD,86665
8.3,Master,87906
18.1,Bachelor,118658
5.6,PhD,66057
6.4,Master,41768
3.3,Master,49935
15.4,Master,119018
12.3,,106909
12.6,Bachelor,107166
5.2,Bachelor,44567
13.4,Bachelor,52470
15.5,Master,59337
7.8,PhD,112203
16.2,Master,59165
7.6,Master,87663
15.4,PhD,86799
1.6,PhD,83518
11.5,Bachelor,58652
19.4,PhD,102021
19.6,Master,49415
6.4,Bachelor,120000
,PhD,50320
2.2,Master,40023
17.6,Master,82182
11.8,Master,107862
8.3,Bachelor,65647
3.1,PhD,76004
19.0,Master,49188
11.1,Master,51874
6.4,PhD,101852
7.7,Bachelor,56695
6.1,Master,105367
12.4,PhD,111003
18.7,PhD,120000
17.3,Bachelor,46993
9.7,Bachelor,81761
16.7,Master,108912
9.0,PhD,107176
5.8,Bachelor,56201
19.7,PhD,96338
6.8,Bachelor,119523
7.2,Master,77410
19.8,Master,117159
3.5,Bachelor,93299
15.5,Master,55071
18.8,Bachelor,62273
10.7,Master,46297
,Bachelor,61277
8.1,PhD,120000
3.1,Bachelor,89893
,PhD,108665
16.0,PhD,101656
9.3,Master,78912
9.2,PhD,62903
11.6,PhD,120000
12.1,Bachelor,80141
17.3,Bachelor,83726
6.9,Bachelor,120000
16.6,Bachelor,81551
11.8,Master,108537
6.7,Master,113703
6.6,PhD,61131
7.9,Master,52004
12.8,PhD,120000
5.4,Master,70799
18.5,PhD,55047
11.9,Bachelor,85630
18.5,Bachelor,90801
,Bachelor,100951
,Bachelor,120000
1.4,Bachelor,115712
6.2,PhD,115246
17.4,PhD,46872
1.7,Master,102075
9.3,PhD,67582
3.2,Master,59278
8.9,Bachelor,105238
16.9,PhD,85488
12.8,Bachelor,115608
15.0,Master,45121
,Master,115887
18.9,Bachelor,59060
14.5,PhD,57552
9.0,,84559
9.1,Bachelor,74513
18.5,Master,84194
12.0,Bachelor,119969
14.4,Bachelor,92268
8.9,Bachelor,70262
,Master,56891
14.7,PhD,72966
12.5,Master,80240
,Master,89674
12.9,Bachelor,50198
5.0,Master,103621
16.1,Bachelor,57890
19.0,,91497
,,101793
,Master,60219
,PhD,109409
16.4,Bachelor,90496
12.3,PhD,91933
11.4,Bachelor,87868
18.6,Master,120000
11.2,PhD,100482
10.8,Bachelor,63665
1.8,PhD,64988
2.3,PhD,44851
1.1,Master,55778
18.4,Bachelor,117228
8.8,PhD,78641
9.9,PhD,117208
17.1,Bachelor,46726
12.6,Bachelor,85898
12.6,Master,120000
6.6,Bachelor,47974
16.8,Bachelor,95232
4.2,Master,116040
2.0,PhD,120000
4.6,Master,104838
,,109593
6.4,PhD,87548
,,60555
5.1,PhD,110209
13.9,,117910
2.7,PhD,84130
3.8,Bachelor,51376
,PhD,92127
18.5,Master,104629
17.3,Master,65269
19.4,PhD,103345
,Master,81793
13.8,Master,88420
12.9,Bachelor,74631
12.8,Master,62156
3.8,Bachelor,90559
11.3,PhD,94100
8.3,Bachelor,64392
9.4,PhD,75944
,,67453
3.4,Master,83897
7.8,PhD,116686
2.2,Bachelor,100854
19.6,Bachelor,120000
,PhD,79707
5.9,Bachelor,87606
17.9,PhD,59312
10.2,PhD,99234
3.6,PhD,77761
8.3,Master,108243
3.2,Master,73693
4.8,Bachelor,53214
2.0,Bachelor,60164
9.3,PhD,106859
16.3,Master,59453
12.1,PhD,66000
12.5,Master,120000
4.8,Bachelor,89987
7.5,Bachelor,56469
17.1,Master,56804
2.7,Bachelor,71380
,PhD,106936
10.2,Bachelor,108443
,Master,60296
7.0,Bachelor,99735
7.4,Master,52760
,Bachelor,65731
15.9,Master,120000
5.4,Bachelor,48781
19.5,PhD,112468
2.6,Bachelor,101743
2.3,Master,57329
12.3,Master,80536
14.7,Bachelor,90054
19.3,Bachelor,120000
8.7,Bachelor,75349
1.5,Bachelor,75343
,Master,57047
6.5,Bachelor,91662
9.2,Bachelor,66327
10.3,Bachelor,47272
,Master,120000
10.2,Bachelor,57418
9.1,Bachelor,52836
,,96771
13.3,,114454
4.5,PhD,41155
4.9,Master,56300
5.8,PhD,47598
4.4,PhD,56997
13.5,PhD,106660
19.9,Master,97213
13.4,,89354
12.5,Bachelor,81063
8.8,Bachelor,103559
,PhD,84947
18.3,Bachelor,120000
19.4,PhD,86908
10.4,,104583
6.5,PhD,73799
15.6,PhD,79838
3.5,PhD,114632
15.5,PhD,48127
16.6,Master,92164
3.4,PhD,104244
19.6,,98736
19.7,Bachelor,86141
18.8,Bachelor,81246
10.4,PhD,74187
5.7,PhD,120000
12.1,Master,71670
9.0,Bachelor,113665
4.9,Master,43905
9.0,Bachelor,59632
13.6,Bachelor,72196
2.3,Bachelor,98613
7.3,Bachelor,64691
1.3,Master,43208
15.2,Master,53728
13.2,PhD,69448
2.2,Bachelor,59410
19.3,Master,68561
1.4,PhD,98103
12.2,,74708
15.8,Bachelor,83381
16.0,PhD,120000
1.7,PhD,79416
18.2,Master,120000
18.5,Master,73682
11.7,Master,78489
10.2,Bachelor,71885
1.9,,91661
11.7,Bachelor,84235
8.8,Master,70600
15.7,PhD,106716
8.7,Bachelor,85071
14.0,Bachelor,43939
2.9,Master,87295
3.5,Master,113182
3.7,Bachelor,64861
1.9,Master,44804
11.3,Master,118190
,PhD,120000
12.6,PhD,48877
11.9,Master,108811
13.9,Bachelor,73446
7.5,Master,120000
,PhD,100330
7.0,Master,120000
14.5,Bachelor,104225
4.1,PhD,45883
1.2,Master,46630
12.3,PhD,89955
18.9,Master,61376
12.6,PhD,91824
15.9,PhD,120000
13.8,Master,77553
10.5,Bachelor,85608
14.6,Master,74909
,Master,98025
5.3,PhD,63373
7.4,Bachelor,63690
5.3,Bachelor,105722
9.6,PhD,108475
,Master,114315
7.6,Bachelor,102721
8.1,PhD,82305
17.3,PhD,106109
10.8,Master,71255
11.2,Bachelor,50560
17.4,PhD,77400
10.3,PhD,55324
13.9,PhD,73146
2.6,Bachelor,64071
4.4,PhD,95343
8.7,Master,78636
10.4,Bachelor,92596
19.3,Bachelor,94793
19.4,PhD,120000
17.2,Bachelor,46806
7.0,Master,96598
19.3,PhD,93194
14.1,Master,113671
8.5,PhD,83881
14.3,Master,66728
1.3,Bachelor,56865
3.8,PhD,64807
16.8,PhD,88280
13.3,,114347
7.9,Master,56192
10.5,PhD,65362
18.2,Master,68236
13.0,Bachelor,49452
8.6,PhD,120000
,Bachelor,107194
6.6,PhD,70700
19.6,Master,66312
9.3,Bachelor,118776
10.0,Bachelor,42072
10.5,Bachelor,86046
,Master,120000
12.5,PhD,86081
,PhD,40000
8.4,PhD,64017
1.6,Master,113088
18.7,PhD,51700
,Bachelor,73007
19.0,Bachelor,102847
18.9,Bachelor,118617
16.5,Bachelor,87374
14.0,Master,64265
17.0,PhD,98265
12.4,Bachelor,68874
3.6,PhD,64450
8.4,PhD,104085
19.5,Master,61188
7.7,PhD,50762
17.5,PhD,78157
2.8,Master,81914
7.3,PhD,104422
7.7,Master,105182
2.0,Master,100402
3.3,PhD,100846
4.7,PhD,91188
16.9,PhD,75371
2.2,Bachelor,82435
6.7,PhD,96952
1.2,Bachelor,50524
14.2,Master,66150
12.8,Master,75334
13.3,Master,87117
8.1,Master,80836
5.0,Bachelor,92391
14.7,PhD,84420
16.4,Bachelor,120000
3.6,PhD,68012
10.2,Bachelor,85985
5.7,Master,44209
,Master,66091
15.0,PhD,119308
11.2,PhD,75059
5.1,PhD,62922
6.9,PhD,93857
19.4,Master,56421
17.1,Master,97025
17.7,Bachelor,69271
9.7,Master,73449
12.9,Bachelor,106136
8.2,PhD,104308
2.5,PhD,78695
,PhD,91343
12.3,Bachelor,114843
6.5,Bachelor,94890
17.1,PhD,64739
3.9,PhD,67936
8.0,Master,70505
3.4,PhD,54256
8.7,Bachelor,40263
1.8,Master,53916
6.2,Bachelor,108998
8.6,Bachelor,90515
10.1,Bachelor,61468
11.3,Master,87549
6.2,Master,105286
,Master,76285
10.7,Bachelor,73177
7.0,PhD,54608
16.8,PhD,95737
11.4,PhD,78667
7.3,Bachelor,72613
19.0,Bachelor,72557
17.1,Bachelor,94179
19.7,Master,91885
14.2,PhD,79427
8.2,Master,43365
6.3,Bachelor,100031
13.6,Bachelor,105947
19.6,Master,104719
12.9,Master,120000
17.8,Master,58085
7.3,PhD,66546
8.7,Master,91578
18.2,,69713
15.4,PhD,52791
19.6,PhD,72412
15.7,Master,60899
9.5,Bachelor,69687
11.1,PhD,120000
18.1,Bachelor,67686
11.5,Bachelor,49703
5.9,Bachelor,50182
9.3,Master,106801
10.8,Bachelor,95304
,Bachelor,52494
15.1,Bachelor,72887
3.1,,98239
8.7,PhD,74063
16.3,PhD,120000
9.9,Bachelor,78532
17.0,Master,66898
,Master,111360
19.2,Bachelor,77674
5.0,Master,73459
1.7,Master,66813
17.6,Bachelor,113450
,Master,55566
5.4,,69203
19.7,Bachelor,53737
10.5,Master,103041
19.1,Bachelor,72979
10.6,PhD,72282
10.0,Master,97475
9.5,Master,98586
7.4,PhD,115297
11.1,Master,67038
9.6,Bachelor,104527
1.7,PhD,81852
5.9,PhD,54750
5.0,,106965
17.5,,101372
12.4,PhD,85530
15.5,Bachelor,119920
19.2,,91471
13.2,Master,40000
19.7,Master,120000
6.9,PhD,64147
4.5,Bachelor,81983
8.7,PhD,63641
9.9,PhD,62457
18.0,Bachelor,94971
11.6,Bachelor,85661
6.6,Bachelor,91821
15.1,Master,98430
10.6,Bachelor,68936
4.1,Bachelor,86532
12.0,Master,108403
18.3,PhD,95705
17.0,Master,89640
12.1,Master,71637
,PhD,79165
2.7,Master,79492
9.9,Bachelor,72877
15.3,Master,109035
7.8,Bachelor,63326
5.5,,113378
18.7,PhD,109018
16.6,Bachelor,72548
13.1,,46699
3.6,Bachelor,84370
,Master,100425
3.0,Master,120000
12.7,Bachelor,57132
3.2,PhD,51680
17.0,Bachelor,108773
19.9,PhD,74012
8.0,Bachelor,101330
9.6,PhD,47892
14.5,Bachelor,103107
18.8,Bachelor,48306
18.0,PhD,109085
2.1,PhD,82220
,Bachelor,120000
15.3,Bachelor,42733
,,80085
3.5,Master,55909
10.5,PhD,120000
15.8,Master,104704
5.2,Bachelor,81184
17.6,PhD,54375
2.0,Master,91353
15.9,PhD,78960
12.7,Master,74736
7.0,Master,102271
14.7,Master,47790
15.9,Bachelor,100654
,Master,103100
8.0,PhD,120000
14.0,Bachelor,106495
12.4,PhD,66665
11.0,Bachelor,91461
17.9,Bachelor,57586
,Bachelor,50879
,Bachelor,96460
,Master,108873
4.4,PhD,63188
,PhD,55912
13.3,PhD,91585
10.1,PhD,73210
16.5,Bachelor,84750
9.6,PhD,72714
11.6,Bachelor,53265
1.1,PhD,84325
7.9,Bachelor,105747
,,89544
14.1,Bachelor,108018
10.1,Bachelor,65726
6.7,Master,117500
9.9,Master,75963
5.0,PhD,110144
18.6,Master,91471
,Bachelor,75397
17.4,Master,75013
10.7,Bachelor,86826
12.8,Bachelor,52671
6.7,Master,120000
19.4,Master,77055
6.4,Bachelor,67079
12.2,PhD,60499
19.9,Bachelor,51879
17.7,Master,104245
11.2,Master,86560
19.8,Bachelor,114239
14.3,PhD,59762
5.0,PhD,115323
8.7,Bachelor,64625
7.4,Bachelor,115415
7.5,Master,55722
15.4,Bachelor,103759
12.1,PhD,98650
,Master,71968
17.7,PhD,59699
6.6,Bachelor,86754
,Master,43446
19.1,PhD,87132
18.9,Bachelor,87274
16.4,PhD,108568
5.2,PhD,113783
11.1,Bachelor,61873
5.3,PhD,68951
5.9,Bachelor,63828
12.6,PhD,103774
1.8,PhD,118106
19.4,PhD,120000
18.5,Bachelor,116011
8.2,Bachelor,114597
10.8,Bachelor,120000
9.9,Master,74439
17.8,,118715
14.1,PhD,102416
6.3,,67859
9.5,Master,48350
9.2,Master,59840
19.2,Master,120000
4.3,Master,94437
2.7,PhD,74475
17.7,Master,99082
,PhD,58520
17.6,PhD,107177
10.7,Bachelor,106132
13.5,Master,120000
11.7,Master,54742
2.3,Bachelor,113488
12.3,Master,70431
1.3,,76122
,PhD,78856
18.7,PhD,105976
6.8,PhD,119077
18.9,Master,96228
,Bachelor,109914
7.0,Bachelor,58327
,Master,73601
15.5,Master,85851
10.5,PhD,72859
17.8,Master,119455
1.8,Bachelor,96527
,Master,80404
4.7,PhD,99337
17.8,PhD,91403
,Master,40000
16.8,,90368
13.8,,102645
4.3,Bachelor,120000
18.4,Master,52410
5.7,Master,84096
,Master,54715
16.5,PhD,61716
3.0,Master,98350
5.2,PhD,62416
10.6,Master,109619
16.8,Bachelor,84547
3.8,,68064
11.4,Bachelor,82114
,Bachelor,40000
17.4,Bachelor,114627
18.8,PhD,53477
15.9,Bachelor,53474
13.4,Master,89459
,Master,113419
3.1,Master,113388
14.5,,68340
19.9,Master,56147
15.0,Bachelor,92940
,Bachelor,104777
10.4,Bachelor,76201
12.7,Bachelor,76329
,PhD,54291
14.7,Bachelor,57209
11.6,Master,83557
5.2,Bachelor,59276
18.9,Master,68004
14.2,PhD,62525
5.5,,71575
7.1,Bachelor,40578
18.5,Bachelor,88465
17.9,Master,116112
8.7,PhD,46320
1.7,Bachelor,82534
1.9,Bachelor,110143
6.4,Bachelor,69810
13.0,PhD,56498
12.1,PhD,51064
13.0,Master,100890
14.6,Bachelor,89392
,Master,64167
3.0,Bachelor,101589
7.8,Master,104573
3.9,,67251
2.4,Bachelor,106998
13.2,Bachelor,63711
,Bachelor,98484
15.3,Master,52787
16.5,PhD,110785
13.7,Bachelor,51431
15.0,Bachelor,92853
,Bachelor,55555
,Master,104629
4.5,Bachelor,44573
5.1,Bachelor,54484
6.5,PhD,62073
19.5,Master,46682
19.8,Bachelor,106216
16.1,Master,120000
13.0,,101403
10.9,Bachelor,114639
19.4,Bachelor,48095
14.2,Master,51194
18.9,PhD,87451
7.0,Bachelor,116268
7.3,Bachelor,95723
17.2,PhD,77711
3.8,Bachelor,59801
,Bachelor,56091
10.6,PhD,70754
18.6,Bachelor,105969
,PhD,42865
14.6,PhD,111600
10.2,Master,115995
12.9,Master,101488
,Master,120000
19.4,Bachelor,51747
14.2,Bachelor,120000
5.8,Bachelor,80475
18.3,Master,120000
6.6,Master,56754
8.1,Bachelor,83698
2.9,Bachelor,43914
,Bachelor,46506
6.4,PhD,116604
5.9,Bachelor,105280
18.5,Bachelor,89580
16.3,Master,96332
,Master,106153
15.6,PhD,71156
18.3,,101218
2.5,Bachelor,82393
16.7,Bachelor,100555
11.4,Master,120000
13.7,Bachelor,80471
10.4,Bachelor,78939
14.3,Master,120000
1.6,PhD,108931
15.5,PhD,120000
1.6,Bachelor,89070
9.7,,76002
3.9,Bachelor,59997
16.6,Bachelor,60757
7.0,Bachelor,109890
9.6,Bachelor,61605
9.1,PhD,93312
15.7,Master,120000
10.1,PhD,120000
16.0,Master,53010
2.4,Bachelor,59749
,Master,108666
11.5,PhD,92791
19.0,PhD,118319
2.4,Master,103081
1.8,Bachelor,71179
4.0,,64537
13.2,Master,77528
8.6,Master,89917
16.7,PhD,80078
2.4,Master,105364
4.7,Bachelor,112960
6.7,PhD,67725
12.9,Master,120000
,PhD,91806
3.4,Bachelor,101622
18.9,Bachelor,57535
7.5,PhD,63415
14.6,PhD,67969
11.0,Bachelor,70295
5.2,PhD,48470
17.1,PhD,113298
16.5,Master,67995
8.5,Bachelor,120000
,PhD,101206
5.9,Master,51475
14.1,Master,85444
6.9,Bachelor,120000
17.0,PhD,96450
5.1,Bachelor,53581
1.3,Bachelor,115840
6.1,Master,63254
4.6,Bachelor,103686
10.7,Master,85173
4.9,Master,70240
15.5,Bachelor,55154
5.6,Master,120000
14.4,Bachelor,119228
12.0,PhD,87113
19.7,PhD,74126
20.0,Bachelor,48280
17.5,PhD,58019
15.4,Bachelor,89166
8.3,PhD,70336
15.3,Master,51688
19.2,PhD,86419
1.4,Master,104767
11.2,Master,109591
,Master,96243
11.6,Bachelor,98923
9.9,Bachelor,72384
11.9,Master,81765
11.5,PhD,103383
,PhD,108118
11.5,PhD,84087
17.1,Master,94629
7.1,Bachelor,118200
9.3,PhD,93370
9.9,Bachelor,96223
6.3,Master,107361
8.2,Bachelor,51973
12.4,PhD,91221
12.0,PhD,116975
13.1,PhD,65728
,Bachelor,71854
7.0,Master,91039
12.6,Master,65049
3.5,Bachelor,81187
,PhD,63503
,PhD,91673
2.4,Bachelor,88012
5.6,Bachelor,76580
1.4,PhD,65331
5.7,Master,64712
13.4,PhD,80927
2.2,Bachelor,82104
9.3,Bachelor,63533
18.3,PhD,109531
16.0,Master,108436
6.8,,71239
18.6,Bachelor,51215
,Bachelor,43997
,,89618
19.9,Master,66387
,Master,43892
9.9,PhD,80410
13.7,Bachelor,120000
13.8,Master,106847
4.7,Master,105954
4.8,PhD,50736
9.9,PhD,62130
18.3,PhD,55148
1.2,Bachelor,112737
,PhD,76126
2.1,,76561
10.1,PhD,69098
13.1,,94865
14.0,Master,70387
2.1,,94270
9.0,PhD,120000
12.1,PhD,88455
2.3,Master,90441
3.6,Master,84369
13.6,PhD,117094
10.9,PhD,57562
4.1,,61313
,Bachelor,98082
18.3,PhD,77175
1.3,Master,118467
13.2,Bachelor,100136
,Bachelor,82818
1.1,Bachelor,49197
3.9,PhD,105417
9.0,Bachelor,96029
16.2,PhD,99835
6.4,Bachelor,73757
,Master,119701
8.8,Bachelor,67136
5.5,Bachelor,54578
,Bachelor,120000
16.2,PhD,111512
16.8,PhD,88569
17.1,Master,120000
7.4,PhD,48225
16.1,Bachelor,61717
5.0,Bachelor,96695
15.0,PhD,53215
19.0,Bachelor,120000
,,116249
9.4,PhD,78336
13.3,Bachelor,120000
14.3,Bachelor,60945
4.3,Master,81496
,Master,118216
12.7,Bachelor,109779
4.1,PhD,70111
1.4,Master,57164
15.9,Master,60663
2.5,Bachelor,75962
3.7,Bachelor,84479
,Bachelor,44726
12.5,Bachelor,82555
,Master,109284
8.5,Bachelor,82146
15.7,Master,53137
19.5,PhD,109244
6.2,PhD,65496
,Bachelor,105144
18.6,Bachelor,56674
14.0,Bachelor,73059
13.9,Master,81366
5.3,PhD,79704
,Bachelor,80194
11.7,PhD,57711
14.3,Bachelor,74916
19.9,PhD,76459
1.6,PhD,72483
2.2,Bachelor,119399
2.5,Master,119117
15.1,Bachelor,114648
3.6,Master,96704
12.8,PhD,61165
7.2,Master,92307
9.7,Bachelor,102391
5.1,Master,44230
17.5,Master,87941
12.1,Master,67152
18.9,PhD,72126
11.9,Bachelor,79143
3.4,Master,110690
4.2,Bachelor,94724
19.8,Bachelor,70427
,PhD,100077
1.9,Master,69433
14.4,PhD,93000
8.8,Master,120000
6.8,Bachelor,86346
3.9,,101716
17.0,PhD,87175
2.2,Bachelor,84143
6.5,PhD,101830
6.8,PhD,120000
4.1,PhD,98222
10.7,Master,117987
1.2,PhD,104747
6.7,PhD,114545
18.7,Master,118137
6.9,PhD,59785
,,71876
10.0,Master,89782
11.7,PhD,86583
16.4,Master,110826
4.6,,40000
17.6,Master,57888
15.4,Bachelor,120000
14.7,PhD,54622
2.6,PhD,66939
1.4,Master,75844
12.3,Bachelor,100619
17.4,PhD,91169
,PhD,120000
5.1,Master,63343
2.7,Master,117527
,Master,77772
14.7,Bachelor,68121
4.3,Bachelor,85267
1.5,Master,57279
8.8,PhD,75359
12.1,PhD,81029
14.4,PhD,63019
,PhD,119858
,PhD,76578
,Master,114012
14.0,PhD,120000
19.7,Master,64740
18.2,PhD,85992
17.6,Master,94440
6.7,PhD,106117
,Bachelor,111074
17.2,PhD,95676
13.9,Bachelor,40338
5.8,Master,78824
19.1,Bachelor,120000
9.6,,108787
3.5,Master,120000
3.1,PhD,95855
,Master,55013
9.3,Bachelor,120000
2.8,Bachelor,113094
,Master,58167
16.2,PhD,62385
14.8,Master,86574
,Master,100897
14.1,Master,74254
1.2,Bachelor,48136
6.8,Master,90378
8.6,PhD,68766
16.9,Master,71773
,,98674
1.2,,112360
7.7,,86448
10.5,Master,108076
19.0,Master,96842
18.9,Bachelor,88906
,PhD,59546
4.5,Master,71548
4.1,PhD,62871
16.0,Bachelor,113618
1.1,PhD,99680
,Master,84405
11.2,PhD,118964
,Master,112901
2.8,PhD,115981
7.8,PhD,61457
6.2,Master,98235
10.7,Master,93274
19.6,PhD,107035
3.4,PhD,66465
8.1,Master,98509
18.7,PhD,79227
17.7,PhD,118928
,PhD,112193
14.3,PhD,64036
2.7,PhD,64493
14.5,Bachelor,102181
19.5,Bachelor,89082
11.2,Master,89093
10.5,PhD,107176
4.6,PhD,108191
13.0,Master,55148
12.2,Master,91010
13.4,PhD,117506
1.5,PhD,108268
11.4,Bachelor,71778
12.3,Bachelor,43790
4.9,Bachelor,57301
,Master,120000
6.2,Bachelor,80638
14.5,Bachelor,76323
12.5,Bachelor,46058
17.1,Master,56692
6.6,Bachelor,88249
18.3,Master,100765
15.1,PhD,91122
8.5,Bachelor,54917
,Bachelor,65933
5.9,Bachelor,115177
19.2,,61097
6.9,,107540
,PhD,57258
4.6,Bachelor,61418
16.3,Master,90551
,Bachelor,117951
7.3,Bachelor,72614
8.9,Master,94719
9.2,Bachelor,92808
8.8,PhD,59423
10.6,PhD,51557
16.5,PhD,117359
,PhD,63805
16.2,Bachelor,101285
2.9,Bachelor,117900
16.2,Bachelor,54867
3.3,PhD,81962
3.4,PhD,63705
19.0,Bachelor,51761
16.6,Master,65737
11.5,Master,87381
,Bachelor,109778
19.8,Bachelor,92261
12.6,PhD,120000
12.6,Bachelor,54044
15.3,Bachelor,72099
5.4,Master,60755
4.2,Master,64974
15.4,,58077
7.6,PhD,87302
3.6,,114083
7.0,PhD,120000
,PhD,54633
19.3,Bachelor,107588
14.3,Bachelor,108040
11.1,PhD,83480
19.4,PhD,53433
18.2,Bachelor,115445
10.7,PhD,93719
18.2,Master,120000
8.7,Bachelor,79788
,PhD,79257
5.4,Bachelor,51392
13.6,PhD,110853
10.5,PhD,67731
13.5,Bachelor,50974
14.0,PhD,79642
1.4,Master,74714
2.0,Master,68961
11.1,Bachelor,94076
4.6,PhD,78026
13.0,Bachelor,77032
11.5,PhD,46978
12.1,PhD,97860
6.7,Master,62839
13.2,Master,59775
16.8,PhD,104970
20.0,Bachelor,66105
16.9,Bachelor,58902
,Master,90391
4.7,Bachelor,64394
13.9,Master,74446
18.8,PhD,102287
5.0,Bachelor,105922
5.9,Bachelor,97418
3.8,Bachelor,74944
,Bachelor,83027
8.7,Bachelor,105721
2.2,PhD,69098
17.6,Master,49347
11.6,Bachelor,99753
7.3,Bachelor,77965
7.5,Master,96740
6.5,Master,59140
9.7,PhD,70203
7.4,Master,107246
11.4,Master,85939
15.7,Master,106989
,Master,52468
6.6,PhD,56089
11.0,Bachelor,40000
17.0,PhD,76568
2.3,Bachelor,116856
2.5,Master,118203
11.6,Master,111577
13.1,Bachelor,109203
5.0,PhD,87523
,Master,69721
,,63127
18.5,PhD,102515
4.2,Master,58708
15.3,Master,77262
,Master,115140
11.7,Master,59169
11.5,Bachelor,57376
,Master,63823
17.0,Bachelor,88306
,Master,58392
10.9,Bachelor,86125
5.1,Master,69304
15.1,,87865
1.8,Bachelor,54928
16.8,Master,120000
,Master,84444
16.8,PhD,103138
3.9,Bachelor,100855
13.0,Master,85531
1.3,PhD,74269
17.1,PhD,91409
14.7,Master,98901
11.1,PhD,82582
14.9,Bachelor,45164
2.8,Master,49932
11.0,PhD,74105
6.5,Master,57128
19.5,Master,114524
17.3,Bachelor,63151
14.9,,72835
18.7,PhD,102806
7.6,Master,109640
18.1,Bachelor,80742
7.2,Bachelor,52689
14.9,Master,67390
15.0,Master,84567
1.3,PhD,77032
,PhD,76800
1.4,Master,54899
19.9,PhD,119656
3.3,Bachelor,48974
11.3,,71410
16.0,Master,120000
4.8,Master,99924
10.2,PhD,74041
12.5,Bachelor,51826
4.0,Bachelor,118124
,PhD,45070
6.7,Master,100592
,Master,118139
,Master,49226
8.8,PhD,105589
18.5,Master,120000
17.7,PhD,103860
10.2,Bachelor,72342
7.8,Master,106102
7.2,PhD,90883
6.1,PhD,109407
11.3,Master,84007
,Master,49797
6.9,Master,66263
4.6,Bachelor,47098
10.0,PhD,62140
2.3,Master,50091
14.3,Master,78569
10.8,,58693
10.4,Master,111329
6.7,Bachelor,102687
18.2,,86946
2.7,Master,74639
17.5,Bachelor,54362
8.2,PhD,83350
17.7,PhD,109802
14.8,PhD,100065
3.0,PhD,49513
16.8,Master,102146
14.0,PhD,105858
1.6,PhD,94481
3.5,PhD,56753
13.1,PhD,80333
,Master,83124
15.2,PhD,82277
14.7,Bachelor,70106
13.5,Bachelor,54143
15.6,Bachelor,53381
11.9,Master,52441
,PhD,62384
18.3,Bachelor,61198
1.3,Master,65949
8.0,Bachelor,57867
,PhD,106545
9.1,Master,112647
1.5,Master,69561
2.3,Bachelor,65825
13.3,Bachelor,107391
19.3,Master,91642
11.5,Bachelor,67714
10.6,Bachelor,95459
7.0,PhD,76639
5.9,PhD,91046
1.4,PhD,120000
6.2,PhD,64058
9.5,Bachelor,111586
4.8,Master,76986
2.7,,84785
14.6,Master,87244
18.0,Master,102493
18.8,Master,50612
12.7,PhD,103491
2.0,PhD,96630
15.1,Master,95178
3.1,Master,51866
13.7,PhD,62599
15.8,Master,102373
14.8,Bachelor,120000
19.1,Bachelor,75330
15.0,Master,87422
,PhD,66776
6.0,Bachelor,77092
,PhD,74530
4.4,Master,97273
18.2,Bachelor,120000
6.9,Bachelor,108000
3.5,PhD,55965
16.7,Bachelor,91119
1.0,PhD,57394
16.8,Master,67958
6.0,Master,63278
17.8,Master,71111
14.1,Bachelor,99848
13.7,Bachelor,88033
7.9,PhD,120000
2.1,PhD,66787
16.8,Master,70080
4.2,PhD,76407
8.1,PhD,72737
12.4,Bachelor,120000
,Master,71065
4.8,Master,118058
3.7,Bachelor,73245
3.3,PhD,58566
17.4,PhD,51822
1.6,Master,117787
19.6,Bachelor,44148
4.8,Bachelor,116056
,Bachelor,74930
12.0,PhD,59027
2.5,Master,83901
12.4,PhD,55194
17.2,Bachelor,55059
1.9,PhD,110732
,Master,70036
8.5,Master,92457
4.0,PhD,62322
4.3,Bachelor,47159
,Master,77293
,Bachelor,84788
17.5,PhD,120000
11.3,Master,89376
1.7,Bachelor,104591
9.8,Bachelor,46039
16.5,Bachelor,50889
,PhD,64015
10.3,,105775
17.3,Bachelor,103322
,Bachelor,55067
18.3,Bachelor,43028
17.1,Bachelor,104292
14.5,Master,112094
16.5,PhD,97666
11.3,Bachelor,57340
13.8,PhD,93555
11.7,Bachelor,106861
7.8,Bachelor,64991
11.8,Master,80805
5.9,PhD,70537
9.4,PhD,61196
,Master,119156
3.3,Master,110505
7.1,PhD,80528
17.2,Bachelor,71764
,PhD,112974
15.2,Master,61522
4.3,Bachelor,55101
9.1,,71682
3.2,Master,85558
3.6,Master,54956
,,88903
12.5,Bachelor,41416
5.1,PhD,120000
,Bachelor,110489
17.4,Bachelor,104812
4.3,PhD,74183
1.4,PhD,58681
13.4,Bachelor,107272
2.0,PhD,114746
19.6,PhD,52179
12.6,PhD,80432
9.9,,64042
9.2,Bachelor,64987
11.9,Master,80281
2.7,Bachelor,109219
18.7,Bachelor,63361
12.9,Master,85451
4.5,PhD,118755
11.7,Bachelor,79573
3.5,PhD,109524
1.3,PhD,41997
13.0,PhD,119958
13.3,Master,63780
12.1,Master,120000
4.5,PhD,59230
12.5,Master,86384
2.1,Master,69818
12.6,Master,73557
11.5,Master,67231
13.4,PhD,120000
,Bachelor,66947
17.2,PhD,92493
19.6,Bachelor,54672
19.5,Bachelor,112741
15.7,PhD,94072
19.2,Bachelor,120000
17.5,PhD,71944
14.8,Master,55193
2.4,PhD,73201
1.9,,110980
16.9,Master,99188
10.3,PhD,114922
16.5,,45542
6.9,Bachelor,85261
8.6,Bachelor,105452
14.3,PhD,57770
18.4,Master,50098
2.7,Bachelor,101133
17.4,Bachelor,67923
16.1,Master,109125
7.0,PhD,97696
7.7,Bachelor,109678
1.9,PhD,117650
1.3,PhD,93919
10.1,Bachelor,67198
2.8,,56573
4.7,Bachelor,119195
17.1,,97110
11.8,Master,101113
13.0,Bachelor,78982
4.6,PhD,53437
16.7,Master,76721
17.5,,58082
,PhD,112748
18.3,Bachelor,101177
17.1,PhD,58261
14.9,PhD,90341
14.9,PhD,117270
3.0,PhD,105439
6.1,Master,91274
2.3,Master,68004
1.2,Master,112332
4.0,Master,83364
17.7,Bachelor,113236
5.6,PhD,113042
19.4,Master,112084
12.3,PhD,120000
5.5,Bachelor,96027
10.4,Bachelor,40000
5.2,Master,64385
19.7,,58839
17.1,Bachelor,60851
1.5,PhD,47534
19.0,Bachelor,90942
14.7,PhD,51353
,Bachelor,66594
13.7,Master,120000
13.3,Bachelor,97191
5.2,PhD,120000
15.4,Master,62044
2.7,Bachelor,80093
10.3,Master,70311
1.2,PhD,87333
19.4,Bachelor,90542
15.3,Bachelor,54534
4.0,Bachelor,67530
7.5,Master,107756
4.1,PhD,105785
15.6,Bachelor,87845
,,65127
17.0,Bachelor,83133
18.9,PhD,61679
,Bachelor,107448
5.0,Master,114023
7.8,Bachelor,40000
10.1,PhD,59253
12.5,,89092
13.7,Bachelor,58519
11.5,Master,120000
7.7,Master,101020
17.9,Master,68685
2.5,PhD,40000
9.9,Master,108794
15.7,Bachelor,83435
2.2,Bachelor,87660
14.4,Master,71977
16.6,Bachelor,56692
13.6,Bachelor,98341
1.2,Bachelor,74633
4.4,Master,65500
7.5,Bachelor,56614
5.4,PhD,90391
19.3,Master,106347
13.4,Master,71945
6.6,Bachelor,103498
18.7,Master,60226
15.1,Master,78931
6.4,PhD,108831
8.2,PhD,108827
4.8,Bachelor,55234
19.5,Master,60630
10.8,,52398
18.0,Bachelor,117459
7.6,Master,48527
17.4,PhD,50591
2.0,PhD,70315
19.7,Master,80654
18.3,PhD,110195
7.9,Master,74001
15.7,Bachelor,81825
15.3,PhD,58914
18.1,Bachelor,78821
6.8,Bachelor,52372
9.8,Master,62173
17.4,Master,79448
15.8,Bachelor,110398
8.5,PhD,110476
17.1,,77794
,PhD,47346
15.9,Bachelor,65512
4.9,Bachelor,83635
6.4,Master,111944
10.4,PhD,105422
9.5,,87711
10.9,Bachelor,70122
11.4,Bachelor,103172
7.3,Master,66065
4.3,Master,96493
15.6,PhD,59700
8.6,Bachelor,65216
10.6,Master,52012
13.2,Master,81414
18.3,Bachelor,89902
14.4,,102685
1.9,PhD,112028
16.9,Bachelor,116834
19.8,Bachelor,49105
10.0,PhD,92409
19.4,Bachelor,88379
,Bachelor,109626
9.7,Bachelor,67342
7.3,Master,52185
13.5,Master,70544
5.4,Bachelor,115827
,Bachelor,120000
,Bachelor,70606
,PhD,116736
8.5,PhD,50371
11.5,Bachelor,65921
6.6,PhD,100996
,Bachelor,71067
6.5,PhD,57126
9.4,Master,115326
3.0,Bachelor,94655
,Bachelor,119851
1.9,PhD,53874
11.6,Bachelor,76754
15.3,PhD,71800
4.7,Bachelor,101434
8.0,Master,71843
1.3,PhD,66789
17.0,PhD,60604
15.8,PhD,103183
2.2,Master,58621
7.9,Bachelor,45653
19.2,Master,82939
8.4,Bachelor,69450
11.0,Master,68922
7.7,Master,54620
12.3,PhD,120000
19.6,PhD,54263
20.0,Bachelor,58931
15.7,Bachelor,53810
8.7,PhD,118313
10.4,Bachelor,47341
7.8,Master,106471
19.7,PhD,120000
,PhD,80485
9.5,Bachelor,65991
1.2,Bachelor,94303
10.9,PhD,114683
19.7,PhD,112931
10.9,PhD,101589
4.5,PhD,69672
1.4,Master,99674
7.7,PhD,61899
18.4,PhD,92370
19.9,Master,91977
19.0,PhD,66088
,PhD,54087
11.6,Bachelor,64290
12.2,Bachelor,85046
11.2,Bachelor,113777
14.4,PhD,94252
9.0,Bachelor,107747
13.7,Master,60335
3.3,Master,60758
6.0,Bachelor,66197
16.9,Master,68753
18.2,Bachelor,90608
11.2,Bachelor,118160
1.6,Bachelor,84167
18.6,PhD,93188
14.3,Bachelor,46106
8.9,PhD,54654
12.4,Master,50824
9.2,PhD,96729
9.8,PhD,88354
17.8,Bachelor,58886
4.1,Master,103716
3.0,PhD,88733
1.1,Master,52483
7.0,,93191
3.8,Master,110335
5.2,PhD,67349
1.2,PhD,97736
5.3,,58564
7.3,Bachelor,96271
1.6,PhD,115169
,Master,83360
11.8,Bachelor,55382
,Bachelor,77882
12.3,PhD,65354
20.0,,48822
18.9,Master,88036
1.1,,44857
16.1,PhD,59445
7.7,PhD,101348
2.2,PhD,89080
6.6,,46436
7.1,Master,95616
10.9,Bachelor,116357
13.6,PhD,57462
15.2,PhD,71474
5.7,Bachelor,99807
7.1,Master,96552
6.9,PhD,60901
7.9,Master,52349
20.0,,117250
15.8,,120000
19.5,Bachelor,98686
14.2,Bachelor,116695
8.7,PhD,88987
8.4,PhD,118440
10.3,Bachelor,104604
8.9,PhD,120000
16.7,Bachelor,57167
9.8,PhD,111267
6.6,Bachelor,56124
15.7,PhD,53597
17.2,PhD,93868
9.0,Master,72616
13.7,PhD,40000
2.1,Bachelor,119120
11.1,PhD,98714
1.9,PhD,120000
1.6,Bachelor,120000
12.6,,77921
,Bachelor,59942
15.1,Bachelor,63937
18.0,Master,94284
3.6,PhD,84431
14.8,Bachelor,75752
10.8,PhD,81032
3.1,PhD,56529
,Bachelor,84512
12.6,Master,53308
10.8,Master,117408
18.6,,48596
10.9,Bachelor,75420
19.8,Master,57164
10.7,Master,103263
3.2,Bachelor,70987
9.9,Master,44041
4.5,PhD,87907
,Master,112021
14.2,PhD,114840
9.9,Master,69372
2.9,Bachelor,92943
,Master,41182
2.5,PhD,57199
14.0,Master,80103
16.0,PhD,71191
19.3,Bachelor,112873
3.8,Bachelor,111737
11.1,Master,50078
11.8,Bachelor,52480
18.5,Master,84576
12.9,PhD,85685
3.8,PhD,114795
9.3,Bachelor,111847
13.4,Bachelor,101400
,Bachelor,62374
17.4,Bachelor,107489
4.4,PhD,58341
19.1,Master,119530
2.1,Master,40000
19.7,Bachelor,93035
17.3,PhD,55129
13.5,Bachelor,80470
15.0,Bachelor,94084
2.4,Bachelor,94839
1.8,PhD,110214
2.9,Master,87975
2.7,Bachelor,53717
11.4,,120000
5.1,PhD,106032
17.3,PhD,61328
9.5,PhD,108838
14.2,Master,118709
13.4,Master,87003
7.1,PhD,69370
5.6,Bachelor,73237
7.5,Bachelor,76144
16.1,Master,105565
,PhD,85666
5.8,PhD,120000
,Bachelor,104686
2.0,Bachelor,56351
14.3,Master,105853
9.3,Master,69041
14.9,Bachelor,73829
18.6,PhD,72958
,PhD,47412
9.4,Master,120000
3.9,Master,89324
16.3,PhD,109555
9.8,Master,72029
,Bachelor,101616
14.7,Bachelor,90352
6.5,Bachelor,79366
1.9,PhD,120000
18.2,PhD,88218
10.2,Master,93220
6.3,PhD,60784
14.6,Master,67629
17.8,PhD,120000
,Master,112060
14.1,Bachelor,80456
15.6,PhD,120000
5.0,PhD,83513
10.3,Master,98884
2.7,Bachelor,66836
15.2,Master,91901
17.1,PhD,73400
3.1,PhD,72301
,PhD,120000
15.7,Master,65256
7.6,PhD,54335
14.1,Bachelor,43771
1.0,PhD,66953
18.7,PhD,82492
11.5,PhD,55698
,PhD,87884
13.6,Master,84103
,PhD,106339
17.3,,120000
12.6,PhD,93097
,PhD,63790
12.1,Bachelor,53584
4.3,PhD,107167
18.4,PhD,98743
14.0,Master,67318
14.3,PhD,61786
,Master,104946
2.4,PhD,86750
,PhD,94024
5.5,PhD,64755
,Master,89041
16.3,PhD,106117
19.4,Master,120000
9.6,PhD,101491
15.9,,90371
18.4,Master,101743
14.0,Master,79609
5.6,PhD,64219
12.5,Master,118889
19.4,PhD,91621
19.8,Bachelor,100612
13.2,Bachelor,120000
,PhD,120000
,PhD,89737
5.7,PhD,56200
19.1,Master,75614
,Bachelor,114702
4.6,PhD,65395
9.0,PhD,120000
12.2,PhD,64681
12.5,PhD,93432
6.5,Master,83075
18.5,Master,68421
18.4,Master,116344
8.4,Bachelor,91114
9.3,Bachelor,69728
14.3,Bachelor,78323
13.6,Bachelor,107933
8.3,Master,72872
8.9,Bachelor,109494
,Bachelor,65093
5.5,Master,55430
9.7,PhD,59164
14.0,Master,43736
15.1,PhD,62988
15.8,Bachelor,120000
,Bachelor,46519
15.5,PhD,70914
1.1,Master,52687
10.1,Bachelor,92117
16.1,PhD,101377
13.0,Bachelor,102412
10.0,Master,52932
13.2,Bachelor,105067
18.2,Master,99983
11.8,Master,78479
16.2,Bachelor,69163
19.6,Master,111975
14.4,Master,69300
11.9,Bachelor,65260
1.7,Master,75197
8.1,Master,74188
11.7,Master,57659
16.1,Bachelor,87533
9.3,Master,113755
19.2,Master,95157
6.2,PhD,80701
15.1,Master,114267
9.0,Master,106007
10.2,Bachelor,72131
16.2,PhD,96396
6.6,Master,102294
,PhD,63188
10.9,Master,70686
11.0,PhD,48746
16.1,,120000
19.4,Master,51693
2.1,Bachelor,56744
12.2,PhD,85406
13.9,PhD,116466
19.7,Bachelor,79302
18.9,Bachelor,100134
14.5,Master,108778
10.9,PhD,86438
4.1,,119085
8.3,Master,46127
12.1,Master,116842
14.8,PhD,106419
13.1,Bachelor,115961
14.6,Master,108548
9.2,PhD,117021
14.8,Master,69414
3.7,PhD,70015
,PhD,71045
4.1,Bachelor,51713
17.9,Master,103598
2.4,PhD,53652
16.2,PhD,51525
,Master,108288
9.9,PhD,113778
18.4,,104116
12.1,Master,112939
5.0,Master,85267
6.4,Master,115007
18.5,Master,84057
9.1,Bachelor,120000
12.2,Master,60302
9.7,Bachelor,104921
8.2,PhD,100559
,Master,90514
14.0,PhD,103345
14.6,Bachelor,111636
6.2,Master,118880
16.0,PhD,60971
17.2,PhD,70468
18.5,,49243
4.1,Bachelor,44715
6.8,PhD,65416
17.3,PhD,98421
4.8,PhD,80912
,Master,100681
17.5,Bachelor,93257
7.2,PhD,97654
8.9,Master,53482
9.5,PhD,114031
17.1,,106791
7.4,PhD,62688
18.0,,74325
12.7,PhD,66191
11.0,PhD,106719
7.2,Master,98954
5.6,PhD,98109
12.9,PhD,57558
9.5,Bachelor,59389
18.3,Master,49439
10.3,Master,51036
10.7,Bachelor,63122
8.9,PhD,49340
16.0,Bachelor,83587
,PhD,81708
6.1,Master,78639
17.4,Bachelor,94384
12.3,Bachelor,100971
12.2,Bachelor,90709
12.6,Master,70658
14.7,PhD,115380
6.9,PhD,120000
1.6,Master,74517
16.4,Master,48102
3.4,PhD,119717
14.7,Bachelor,118516
2.6,Master,47081
8.1,Master,40000
2.2,Master,106349
10.9,PhD,61413
13.4,,117999
4.3,Bachelor,65229
8.1,Master,116712
18.7,Bachelor,51662
9.4,Bachelor,62660
16.2,Bachelor,120000
18.6,Master,60983
19.5,PhD,63584
18.1,Bachelor,106319
7.0,PhD,46734
,PhD,61108
16.4,Master,73333
16.9,Bachelor,96120
1.3,Bachelor,98285
19.1,Bachelor,120000
15.8,Bachelor,88293
15.6,PhD,80619
2.5,PhD,82746
5.4,Bachelor,109054
19.3,Bachelor,112326
10.5,,108049
8.6,Bachelor,113893
17.0,PhD,68764
2.7,Master,87603
8.9,Bachelor,102085
8.1,Master,54083
7.6,,52939
6.8,Bachelor,120000
,Master,93665
4.3,Master,86432
13.2,PhD,95695
18.5,,109143
10.7,PhD,54552
6.7,Master,94770
4.0,Bachelor,76389
16.8,Bachelor,117418
19.5,Master,82027
7.6,Bachelor,108900
6.5,Master,70277
12.4,PhD,120000
15.7,PhD,112083
9.7,Master,93782
13.0,Bachelor,72410
14.6,Master,79205
19.3,PhD,115338
4.1,PhD,97398
20.0,Bachelor,81143
8.5,Master,93458
14.7,Bachelor,104012
11.9,Master,58547
10.2,Master,56676
14.3,PhD,55206
8.5,Bachelor,60352
3.4,Master,73688
,PhD,104445
10.9,PhD,82898
4.8,Master,46730
18.8,Bachelor,77964
5.3,PhD,120000
8.8,Master,78414
3.9,PhD,118835
11.2,Master,48895
6.8,Bachelor,57671
,PhD,107310
5.3,Bachelor,79458
2.0,PhD,101812
15.8,Master,117627
13.2,Master,59922
7.5,Master,95685
,Master,90076
17.4,Bachelor,117837
4.2,PhD,76529
18.7,Master,54076
10.1,PhD,97795
7.5,PhD,119428
15.1,PhD,64815
17.7,Bachelor,71628
8.0,Bachelor,69047
8.7,Bachelor,102968
9.2,Master,67345
18.5,Master,74483
14.2,Master,98697
5.7,Master,40000
4.5,PhD,49437
5.4,Bachelor,74824
6.0,PhD,73920
5.4,Bachelor,64808
13.5,Master,46662
,Bachelor,60011
8.4,Bachelor,102562
12.9,Bachelor,75163
6.5,PhD,95302
2.2,Bachelor,53094
2.6,PhD,54676
3.4,Bachelor,114441
16.9,Master,75645
13.5,Bachelor,76973
2.2,Master,105441
8.4,Master,97960
6.3,Master,115898
12.0,Bachelor,88629
10.9,PhD,53244
10.1,PhD,120000
7.0,Bachelor,105446
3.6,Bachelor,56214
15.1,Master,120000
17.7,PhD,81913
18.9,Master,98999
2.1,Master,56430
15.1,Master,86232
14.8,PhD,66131
19.0,PhD,86638
5.8,,61613
15.1,Master,74766
2.0,Master,94060
13.0,Bachelor,113193
7.7,PhD,64511
15.6,Master,112557
17.4,Bachelor,78841
7.9,Bachelor,110307
11.0,PhD,77841
3.2,Bachelor,106310
8.9,Bachelor,91870
7.9,Master,92982
4.5,Master,70581
18.0,PhD,120000
3.8,PhD,86734
13.1,PhD,67883
17.9,PhD,65346
18.3,PhD,114763
16.1,,120000
4.3,Bachelor,63746
16.5,Master,119502
6.3,PhD,55766
18.5,Master,120000
14.5,PhD,111053
15.9,PhD,81028
2.6,PhD,63352
12.1,,92132
16.6,Bachelor,88480
17.4,Bachelor,118978
1.5,PhD,106527
18.8,Bachelor,92811
1.8,PhD,120000
12.7,Master,94540
,Master,114882
3.0,PhD,119419
1.9,Bachelor,114130
15.9,Bachelor,53128
8.3,,92296
3.0,Master,79005
15.5,Bachelor,83060
17.1,PhD,91532
12.2,PhD,113206
4.1,Bachelor,64941
1.3,Bachelor,73724
14.3,Master,63957
11.5,,64026
,Bachelor,98512
16.5,Bachelor,55193
9.3,Bachelor,55678
3.4,PhD,79284
18.9,Master,45525
11.4,PhD,52214
12.7,Bachelor,107858
18.7,Master,117078
18.7,Bachelor,84077
11.9,Master,70354
6.7,PhD,118009
19.9,Master,46614
13.9,Master,96382
8.8,Bachelor,92563
11.6,Master,107927
8.9,PhD,115744
17.9,PhD,71997
10.2,PhD,81963
16.6,PhD,102800
17.0,Bachelor,120000
,PhD,120000
14.7,PhD,94661
,PhD,118215
8.4,,52076
3.2,Bachelor,66340
,PhD,46122
10.5,PhD,63813
3.4,Master,87266
3.2,Master,120000
4.0,Bachelor,94601
,,100434
14.5,,54394
4.9,Master,100099
17.1,Master,80920
6.3,Master,93653
16.1,Bachelor,78186
,Master,88751
14.9,,79075
8.2,Bachelor,83349
,Master,56842
17.0,Bachelor,79669
1.7,Bachelor,78866
19.5,Master,101574
13.3,PhD,96263
9.2,PhD,117134
12.9,Bachelor,91348
3.3,Master,67576
10.8,PhD,111507
19.7,Master,98494
5.5,Master,56372
14.7,Bachelor,93150
9.3,Master,53702
,Bachelor,60024
4.9,PhD,100322
9.9,PhD,108749
19.6,Master,111329
4.7,Bachelor,66175
13.1,PhD,120000
11.9,Bachelor,100969
11.7,PhD,115965
12.7,PhD,94503
10.5,PhD,87705
1.3,Bachelor,47433
18.1,Master,98779
16.7,PhD,103279
,Master,66070
8.9,Bachelor,99259
15.6,PhD,96135
19.6,Bachelor,91051
19.1,,72719
18.1,Bachelor,51756
4.0,PhD,65320
18.4,Master,109525
17.7,Master,74505
8.2,Master,48373
8.5,PhD,120000
9.7,,69942
13.5,Bachelor,104069
6.0,PhD,110026
1.4,Master,90055
3.7,,103783
9.4,Bachelor,119627
6.4,Master,108168
15.5,PhD,87575
3.0,Master,76002
18.4,,81276
18.0,Bachelor,113212
18.3,PhD,110012
15.1,PhD,120000
3.0,PhD,91828
,PhD,87672
3.5,PhD,69932
19.8,PhD,47942
7.3,Bachelor,103690
12.1,PhD,76326
15.8,Master,68127
18.5,Master,101781
15.4,PhD,47865
13.8,Bachelor,112304
9.9,PhD,50919
12.5,Bachelor,118004
2.8,PhD,84357
17.8,PhD,56669
11.3,PhD,100366
,Master,114528
18.5,Bachelor,87995
10.3,Master,100831
,PhD,120000
17.3,PhD,72671
16.5,Bachelor,109769
2.2,Bachelor,63909
5.7,PhD,76927
17.6,Master,75737
18.1,PhD,79405
9.7,Master,41202
9.4,Bachelor,65713
4.3,Bachelor,71172
19.4,Bachelor,93442
5.0,,101169
4.6,Master,92839
13.6,Master,66918
5.6,Bachelor,120000
18.8,Bachelor,87407
1.2,Bachelor,59277
1.1,Master,93292
10.6,PhD,110352
10.3,Master,44096
4.1,,65824
10.4,Bachelor,111749
8.8,PhD,82476
17.9,Bachelor,65002
1.2,Master,112161
19.5,Master,43722
12.9,Bachelor,89358
3.9,Bachelor,60007
1.9,PhD,53636
11.2,PhD,57546
5.5,PhD,97605
6.7,Master,49605
5.7,Bachelor,92597
13.4,PhD,114226
11.5,Bachelor,112670
,Bachelor,70499
11.0,Master,59877
16.0,Bachelor,91154
2.5,PhD,79157
17.9,Master,118695
12.0,Master,120000
19.1,Bachelor,71058
3.8,Bachelor,52727
19.9,PhD,119302
,Bachelor,107494
11.8,PhD,79894
10.8,Master,66996
1.4,PhD,77026
18.9,PhD,119707
13.2,PhD,59602
2.7,Bachelor,112604
1.4,PhD,46993
2.0,Master,117726
12.6,Master,83392
12.7,,57990
,Bachelor,43357
6.8,Master,97340
11.1,Master,65510
10.8,Master,100807
1.4,PhD,72110
6.4,Master,53259
2.0,Master,83605
18.1,Master,87150
14.8,Master,81104
19.9,Bachelor,80808
6.7,Bachelor,90831
17.7,Bachelor,80347
12.5,Bachelor,51668
9.6,Master,62166
,Master,50892
,PhD,98385
18.2,Bachelor,83790
5.5,Bachelor,74676
4.3,PhD,96253
14.2,Bachelor,66592
19.6,PhD,99092
15.2,Master,53632
6.4,Bachelor,103572
,Bachelor,89176
8.3,Master,106109
17.2,PhD,118338
15.7,Master,109174
12.2,Master,118273
6.2,Bachelor,74285
18.8,Bachelor,70180
13.4,,118251
19.4,PhD,120000
12.0,Master,87179
16.6,PhD,71891
16.4,PhD,116164
7.4,Master,76339
19.3,Master,55056
,Bachelor,89435
15.6,Master,45272
19.3,Master,82400
7.4,PhD,111272
13.3,PhD,75236
11.7,Master,120000
15.5,,116555
17.5,PhD,109719
12.5,Master,120000
16.5,PhD,90755
6.9,PhD,93135
5.3,,106026
9.2,PhD,81724
,PhD,84490
4.6,Master,94790
13.9,PhD,101362
8.5,Master,93392
16.1,Bachelor,104319
1.7,Bachelor,101087
13.7,PhD,100264
13.3,PhD,81328
18.9,Bachelor,53300
14.6,,105760
16.1,PhD,40304
18.2,Master,120000
13.8,Master,103921
6.5,Bachelor,95320
17.5,Master,118324
,Bachelor,97207
9.1,Master,40423
14.5,PhD,98074
17.5,Master,73109
19.5,PhD,73077
19.1,PhD,85025
7.2,,99856
9.0,Master,87327
3.1,PhD,90903
5.7,PhD,74773
17.8,Bachelor,85091
7.9,PhD,65814
12.8,PhD,75330
13.7,Bachelor,107312
15.9,PhD,80224
4.5,PhD,51718
6.8,Master,71415
,Master,95088
7.9,Master,102934
19.7,Bachelor,119035
16.9,Bachelor,100258
10.1,Master,77081
17.7,PhD,72737
7.6,Bachelor,52110
15.9,Master,97564
5.2,PhD,88671
15.7,Master,98348
9.7,Master,67070
3.0,Master,73982
6.2,Bachelor,67303
8.6,PhD,106669
15.2,Master,64491
2.4,PhD,94811
13.5,PhD,54252
14.6,,96018
13.4,Master,54180
15.5,Bachelor,66591
4.4,PhD,52619
,Bachelor,69240
18.9,Master,80413
12.6,PhD,107964
12.6,Master,72777
15.0,PhD,60920
7.3,PhD,93909
14.3,Master,106792
18.4,PhD,75417
1.2,PhD,85134
17.5,PhD,106253
5.2,PhD,73792
,Master,87236
17.2,PhD,66431
16.7,,51412
17.9,PhD,120000
18.9,PhD,69921
9.5,Master,70377
13.5,Master,114296
8.4,Bachelor,93721
7.7,Master,88770
9.2,Bachelor,103339
15.1,PhD,103240
10.5,PhD,109521
16.5,Bachelor,50349
,Bachelor,76882
1.4,PhD,63761
,PhD,56744
9.3,Master,71026
9.7,Master,92535
,PhD,67960
11.4,Master,65500
17.8,Bachelor,88691
14.5,PhD,83111
11.5,Bachelor,116284
15.3,Bachelor,111556
1.7,Master,117537
1.5,PhD,84870
2.6,Master,97426
,PhD,120000
,PhD,105502
19.7,Master,110198
,Bachelor,74934
13.6,PhD,63251
6.3,Master,114113
7.1,Bachelor,109000
7.4,Master,118110
14.3,Bachelor,60511
10.0,PhD,78946
10.8,PhD,81141
12.2,PhD,110620
15.6,PhD,120000
2.7,Master,71918
15.8,Master,105808
11.7,Bachelor,52797
13.7,Master,85335
7.2,Bachelor,82803
8.8,PhD,106787
5.4,Master,118105
19.6,Master,76750
10.4,PhD,92765
,Bachelor,97106
10.3,PhD,76931
,Master,120000
10.6,Master,115808
1.8,Bachelor,60500
18.2,,92298
,Bachelor,57398
14.8,Bachelor,80811
12.6,Bachelor,99286
12.0,PhD,40902
19.9,Master,120000
6.3,PhD,92463
15.8,Bachelor,120000
12.0,Master,56167
19.5,PhD,114595
16.7,Master,116610
20.0,Bachelor,51327
12.2,Bachelor,72650
4.9,PhD,112886
10.6,PhD,91138
14.5,Master,82365
15.7,Master,117850
1.0,PhD,53491
10.6,Master,87253
5.5,Master,96279
17.6,Bachelor,106658
3.9,Master,63126
13.7,Bachelor,97454
6.1,PhD,107241
7.8,PhD,82831
,Bachelor,107891
5.6,PhD,70536
2.8,Master,109538
,Bachelor,78509
10.6,PhD,120000
13.2,PhD,55699
7.2,PhD,73519
14.1,,68098
2.2,PhD,82688
17.3,,58845
16.5,Master,108415
,PhD,120000
18.8,Master,63112
,,45373
,Master,106653
15.2,Master,77143
3.5,Master,77266
7.0,Master,67698
3.3,PhD,78379
9.6,Master,59181
11.5,Bachelor,98269
5.0,Bachelor,86488
1.5,Master,111751
14.7,Master,70373
1.4,Bachelor,81204
19.5,Bachelor,70508
5.2,PhD,115574
13.6,Master,91018
9.3,Master,57006
2.1,Bachelor,62073
10.0,PhD,52645
,PhD,49113
17.2,Bachelor,96802
14.9,,69094
2.5,Master,117264
5.0,Master,63940
6.9,Master,109306
3.2,Master,71575
9.7,Bachelor,55641
,Bachelor,120000
10.8,PhD,114498
15.1,PhD,94607
14.0,Bachelor,103112
17.1,Master,120000
5.1,Bachelor,85759
15.3,,57807
17.7,PhD,59188
4.3,Master,96762
7.6,Master,98641
19.4,Bachelor,112296
15.8,PhD,54464
,Master,120000
11.7,Master,87170
,Master,90982
10.3,Master,45404
7.7,PhD,116563
6.3,Bachelor,89025
,Master,86848
15.8,PhD,116239
17.6,Master,120000
4.0,Master,63712
16.6,Master,119316
,,107185
9.1,Bachelor,40211
18.1,PhD,65755
9.6,Master,79455
4.7,PhD,96204
4.0,Master,96894
10.0,PhD,59837
15.5,Master,117998
19.9,PhD,119690
16.0,Master,97843
17.7,PhD,120000
15.2,PhD,120000
18.0,PhD,67959
,Bachelor,101664
18.7,Bachelor,120000
8.5,PhD,52458
18.5,Bachelor,120000
2.4,Master,40711
14.6,Bachelor,85187
15.0,Master,103723
19.9,PhD,113115
15.6,Bachelor,104541
8.3,Master,90051
11.6,PhD,99155
8.0,,101625
4.7,Master,79603
,PhD,90933
5.2,Master,103804
11.4,PhD,78418
,PhD,89844
18.3,Master,55871
2.0,Bachelor,94989
2.5,Bachelor,46870
5.7,Master,79438
5.8,Bachelor,58543
2.8,Master,44549
8.4,Bachelor,84561
12.2,Bachelor,78516
12.0,PhD,78926
,Master,57019
,Bachelor,115964
14.4,,49123
,Master,120000
7.6,Master,99362
2.6,Bachelor,59580
6.6,PhD,85600
3.6,PhD,118752
,Master,97199
,Master,54738
9.8,Master,75729
,Master,73723
15.0,Bachelor,111050
1.5,PhD,114471
11.5,PhD,60589
4.2,Master,76488
1.0,Master,68034
17.5,Master,120000
13.8,PhD,86758
2.9,PhD,107597
13.6,Bachelor,77455
12.6,,96665
10.0,PhD,70465
9.0,PhD,114724
17.9,PhD,85733
5.7,Bachelor,105142
8.6,Master,67732
7.3,Master,100810
,PhD,78103
18.4,Bachelor,41193
17.1,PhD,81983
16.2,Master,81649
19.7,Master,65781
14.2,Bachelor,61617
15.3,PhD,88992
19.7,Master,69980
,,77369
13.0,Master,78933
15.0,Bachelor,56451
18.4,PhD,58023
17.8,Bachelor,112776
17.0,PhD,54224
19.0,Master,99672
11.2,PhD,71620
1.1,Master,120000
1.2,Bachelor,46450
11.3,PhD,112849
9.3,Bachelor,85486
9.6,Bachelor,40000
8.6,Master,61269
18.4,PhD,83791
7.8,Master,69782
17.3,Bachelor,70587
18.2,Bachelor,120000
10.5,PhD,76538
9.5,Bachelor,78884
15.5,Master,108989
14.5,PhD,107449
7.2,PhD,51507
2.9,Bachelor,87910
,Master,79351
3.5,Bachelor,50531
6.6,Master,67790
6.0,Master,49463
13.1,Master,70488
19.1,Bachelor,62291
14.0,,81303
18.6,Bachelor,90537
15.9,PhD,106928
14.8,Master,98294
8.9,PhD,99542
7.2,PhD,113652
17.1,Master,114959
18.2,Master,113272
9.6,Bachelor,55848
1.2,Master,52833
16.1,Bachelor,83210
6.4,PhD,76320
1.2,PhD,56011
,Master,76465
10.8,PhD,120000
14.0,PhD,76995
,,79176
,PhD,44619
10.6,PhD,106249
6.5,Bachelor,76651
6.8,Master,49919
16.1,Bachelor,117979
9.5,Bachelor,104779
,PhD,108102
2.8,PhD,120000
10.0,PhD,78740
9.8,PhD,105538
13.4,PhD,65923
10.0,PhD,103014
3.7,PhD,45025
10.6,PhD,53743
18.2,Bachelor,84504
4.0,Master,41532
14.1,PhD,92048
12.3,Bachelor,86285
15.2,Master,96051
3.9,PhD,56000
18.9,Bachelor,56885
12.8,PhD,98772
17.1,PhD,101361
5.7,PhD,48836
15.0,PhD,87311
15.8,Master,105573
8.6,PhD,41945
,PhD,76257
13.5,PhD,70622
2.8,,113596
15.0,Master,60286
1.8,Bachelor,66330
4.6,Master,117254
13.6,PhD,76361
2.9,Bachelor,86630
19.5,PhD,54954
17.5,Bachelor,120000
,PhD,113141
16.6,PhD,103377
17.9,Bachelor,53696
5.9,PhD,43349
17.1,Bachelor,87863
4.7,Bachelor,55198
8.9,PhD,86378
11.6,PhD,91791
14.6,Master,112332
1.6,PhD,63869
6.5,Master,80798
12.6,Bachelor,109844
,Master,79567
15.7,Master,115108
13.4,Master,52624
5.5,Master,99373
,PhD,120000
13.0,Bachelor,68704
9.6,Bachelor,73039
4.2,PhD,52330
7.2,PhD,89343
6.8,Bachelor,88625
3.1,PhD,42469
11.4,Master,99541
,PhD,110359
11.9,Master,120000
16.7,Master,82166
3.4,PhD,83481
9.3,PhD,117578
12.6,Bachelor,76047
,Bachelor,97808
14.2,PhD,95038
14.9,PhD,80654
13.4,PhD,51838
2.8,Master,40000
14.2,Master,79632
14.8,Bachelor,86942
,PhD,117244
14.2,Master,87984
14.0,Master,66926
10.8,Master,80903
17.5,Master,64622
19.9,Master,50897
15.8,Bachelor,51417
12.6,PhD,67117
2.5,Bachelor,40000
14.8,PhD,62155
14.5,Master,108969
15.7,Bachelor,66632
,Bachelor,47000
,Bachelor,117126
,Bachelor,96930
15.4,Master,44266
5.6,Master,47343
14.0,,97956
6.6,Master,83148
1.2,PhD,41162
13.0,Master,71879
3.2,Bachelor,119279
13.5,Master,95462
18.6,Bachelor,80359
19.4,Master,70535
5.5,Master,41393
16.4,PhD,77944
7.7,PhD,120000
18.1,Bachelor,42347
16.0,,120000
2.4,Bachelor,58943
8.7,Bachelor,71390
7.4,PhD,48860
15.9,PhD,96481
8.8,Master,84334
14.0,,97032
,PhD,85988
19.5,PhD,82684
18.8,Bachelor,106356
9.1,,46181
14.7,,91264
16.8,,58850
18.1,Master,86195
2.3,Bachelor,105529
6.7,Master,55395
7.1,,115860
9.3,PhD,120000
4.2,PhD,71837
10.4,Master,44084
13.6,Master,106214
10.4,Master,105956
13.7,PhD,62858
2.3,Bachelor,112969
17.6,PhD,120000
18.8,Master,83949
,Master,112919
17.7,Master,86813
3.5,Master,82167
16.2,Master,80773
3.3,Master,54046
,Master,106800
7.2,Bachelor,43172
12.1,PhD,93522
6.7,Bachelor,113969
13.1,Master,69723
8.0,,75917
17.4,Bachelor,91002
13.0,PhD,66228
5.1,Bachelor,106511
7.4,PhD,78124
17.1,Bachelor,94608
8.3,Master,60369
11.2,PhD,56303
13.3,PhD,66255
7.6,PhD,58093
6.6,Master,77019
10.0,PhD,92430
5.1,PhD,47121
6.4,,65177
2.2,Master,81051
,Master,113800
,PhD,100544
19.3,PhD,56747
12.2,PhD,117940
16.0,Master,120000
1.9,Master,74355
3.0,Bachelor,89321
16.5,Master,83293
12.8,,120000
,Bachelor,76345
8.7,PhD,120000
11.2,PhD,67608
17.0,Master,76394
2.1,Master,101802
12.3,Master,102872
14.6,Master,110390
19.6,,116770
16.3,PhD,99586
6.2,Bachelor,98441
14.5,,88069
15.5,Bachelor,76758
14.9,Master,91034
16.6,Master,93394
18.2,PhD,84913
2.9,PhD,65602
,PhD,56863
,PhD,120000
5.8,PhD,40000
2.1,Master,60772
,Master,84030
16.6,PhD,61939
3.4,PhD,84211
,PhD,56841
1.1,PhD,52414
3.1,Bachelor,102122
7.7,Master,105394
2.6,Bachelor,53160
17.1,Bachelor,96079
17.4,Bachelor,94602
15.4,PhD,120000
5.6,PhD,85014
10.9,Bachelor,69698
4.5,Master,91152
6.3,PhD,67811
10.8,Master,69578
15.0,Master,84585
2.8,PhD,113470
6.6,,79645
18.6,Master,77340
9.2,PhD,99538
,Master,120000
19.8,PhD,88765
11.0,Master,71333
6.5,PhD,99245
16.0,PhD,51539
4.0,PhD,99107
5.8,Master,104530
15.9,Bachelor,84471
9.2,PhD,57457
,Bachelor,40862
13.4,PhD,93713
14.9,Master,65646
3.4,PhD,82106
,PhD,78991
5.2,PhD,54784
8.2,PhD,87994
15.5,Master,85977
14.6,Bachelor,89647
13.6,Bachelor,64546
1.1,Master,58576
3.7,Bachelor,106626
,Master,96585
6.2,Master,104459
3.8,Bachelor,51158
8.8,,69883
2.4,PhD,89986
15.3,Bachelor,119858
16.0,Master,120000
11.9,Bachelor,103527
2.7,Master,44325
17.9,Bachelor,118121
19.3,Bachelor,118622
4.8,Master,46898
14.4,Bachelor,81372
17.0,Bachelor,93366
11.3,PhD,64863
7.1,Master,83573
10.1,PhD,105088
10.7,Bachelor,112800
8.6,Bachelor,115861
18.7,Bachelor,79306
15.1,PhD,79348
,PhD,95855
12.1,Master,79316
14.1,Master,47690
,PhD,103938
7.8,Master,67188
18.2,PhD,58754
,Master,44018
5.1,Bachelor,120000
3.3,Master,67992
10.8,PhD,89505
11.4,Bachelor,120000
7.4,Master,79714
13.0,PhD,50499
2.3,PhD,96606
3.8,Master,55179
11.4,PhD,48986
2.2,PhD,116666
17.7,Bachelor,64336
3.7,Bachelor,97025
13.8,PhD,91983
8.4,Bachelor,67596
,PhD,88193
15.5,PhD,52499
10.5,PhD,74147
14.8,Master,93101
10.6,PhD,68393
12.3,Master,97923
15.5,PhD,42478
12.5,Master,71862
12.7,PhD,105136
16.0,Master,74789
19.0,PhD,116022
8.2,Bachelor,91900
12.0,PhD,120000
2.6,Master,65621
7.8,PhD,120000
8.8,Master,95208
16.9,Master,94074
10.8,Master,114915
14.9,Master,83965
1.4,Master,119530
9.8,Master,78679
18.1,PhD,94261
5.3,Master,77394
1.6,Bachelor,47201
9.2,Bachelor,87547
14.4,PhD,120000
9.6,,106670
9.7,Master,106722
13.7,Master,98258
5.8,Master,72975
15.3,PhD,66720
3.9,Master,52385
8.5,Master,48055
,Bachelor,92699
,Master,108248
16.0,Master,68418
14.7,Master,55314
7.8,PhD,74843
3.3,Master,61128
5.1,PhD,88756
17.4,Master,65758
17.3,PhD,71771
19.1,PhD,114974
2.4,PhD,63654
11.2,PhD,102202
13.3,Bachelor,95628
14.5,Bachelor,74373
13.2,Bachelor,105062
15.6,Master,88076
7.8,Bachelor,41971
4.4,Master,48804
4.9,Bachelor,102996
1.2,Master,72760
7.7,Master,75414
2.7,Master,61812
7.1,PhD,51741
12.9,PhD,110544
18.0,Bachelor,114221
17.0,,85060
5.8,Master,69906
3.5,,111969
4.7,Bachelor,94499
19.4,Master,111268
11.4,Master,40000
4.5,Bachelor,80813
17.0,PhD,113296
8.5,Bachelor,68842
18.1,Bachelor,106704
6.0,PhD,92591
8.5,Bachelor,52086
10.6,Bachelor,110803
,PhD,47053
17.5,Bachelor,110576
11.9,Bachelor,115526
5.2,Bachelor,114702
8.7,Master,109541
19.5,Master,93127
12.5,,99225
15.8,,106224
9.5,PhD,44341
11.1,Master,60825
9.2,PhD,97389
14.4,Master,52220
,Bachelor,115765
10.6,Bachelor,70711
10.1,Master,70251
7.5,Master,77037
4.4,,111796
18.8,Bachelor,116978
7.0,PhD,52658
16.2,Master,105601
14.6,Master,92364
16.0,PhD,88961
,Master,113309
12.8,Master,73350
18.1,PhD,87925
4.2,PhD,61844
12.9,Master,52420
15.7,Master,56192
6.2,PhD,58043
15.1,PhD,104734
15.8,Bachelor,57285
16.8,Bachelor,81590
6.9,PhD,85953
14.0,Bachelor,118539
6.8,Bachelor,89879
15.0,Master,120000
9.8,PhD,43733
12.4,Master,106355
8.9,PhD,44541
4.1,PhD,103891
,PhD,71048
2.5,Master,93948
12.7,PhD,76936
17.1,Bachelor,59123
1.4,PhD,110846
2.3,Bachelor,109457
9.7,Master,59586
15.0,PhD,120000
4.0,PhD,50665
6.2,PhD,104024
5.4,Bachelor,120000
8.6,Bachelor,59015
5.3,Master,83606
,PhD,67961
14.8,Bachelor,76959
12.6,Bachelor,97456
2.5,Bachelor,90023
13.1,PhD,120000
10.1,Bachelor,63588
18.8,Bachelor,91740
6.5,Bachelor,78080
14.8,PhD,120000
14.9,PhD,50925
5.2,PhD,120000
18.2,Bachelor,80963
10.3,,91349
13.9,Master,73357
3.8,Bachelor,105372
5.9,Master,91335
12.1,PhD,107299
7.1,Master,98360
10.5,PhD,66217
8.1,Bachelor,45343
13.2,PhD,111667
10.3,Master,60593
1.1,Bachelor,108400
13.3,PhD,98028
9.0,Bachelor,78040
7.5,Bachelor,98883
,Bachelor,86521
5.2,Master,99011
5.3,PhD,109857
18.8,Bachelor,54855
9.2,,120000
1.8,PhD,76006
3.6,Master,114485
2.5,PhD,68171
12.2,Master,48144
4.5,PhD,87767
10.5,PhD,66995
,PhD,120000
16.3,Master,59280
7.1,Master,49412
9.7,Master,47181
14.7,Bachelor,69819
9.2,Bachelor,88297
16.1,PhD,79714
13.6,Bachelor,73411
8.8,Master,45104
10.6,Bachelor,63222
19.4,Master,68772
13.6,PhD,98370
18.2,,104857
,Bachelor,107804
10.2,PhD,120000
18.3,PhD,120000
7.1,Bachelor,84040
19.4,Master,84962
2.8,PhD,113868
18.2,Master,83098
9.5,Bachelor,68386
2.4,Master,79532
17.7,Master,120000
5.8,PhD,112486
1.4,Master,62942
3.6,PhD,120000
13.5,PhD,116857
19.6,Bachelor,63372
3.1,Master,116316
9.8,Bachelor,114860
4.4,Bachelor,42056
15.2,Master,97241
3.2,PhD,76098
5.6,Bachelor,100212
4.7,Master,112673
11.5,Bachelor,90094
17.6,PhD,85208
,Bachelor,119374
2.1,Bachelor,120000
11.7,PhD,45758
16.2,PhD,120000
3.5,Bachelor,52429
2.4,PhD,71928
4.6,Bachelor,103603
15.2,Master,107765
12.2,Bachelor,98882
11.3,PhD,52191
5.7,Bachelor,48370
7.3,Bachelor,117840
19.4,PhD,55823
5.6,PhD,52889
18.1,PhD,119987
,Master,98417
3.3,Bachelor,72590
9.9,Master,48027
19.0,Bachelor,118735
9.0,Master,120000
17.4,Bachelor,51076
5.9,Bachelor,83453
11.8,Master,71698
17.0,,112943
18.5,PhD,72511
10.2,PhD,100388
13.2,Bachelor,91635
1.1,Bachelor,83225
5.8,Bachelor,110356
6.3,PhD,81533
2.8,,113543
6.3,Master,74875
7.1,PhD,53176
19.4,Master,78879
13.7,Bachelor,84001
9.1,Master,79285
19.8,Bachelor,99803
3.9,Master,84119
10.0,Master,114182
13.3,Bachelor,83124
2.1,Master,63711
14.6,PhD,46566
2.9,Bachelor,106477
3.7,Master,51082
4.0,Bachelor,47270
18.6,Bachelor,44615
14.0,,74695
13.5,Master,90390
11.6,Master,45302
6.6,PhD,82602
12.8,PhD,80749
8.8,Master,107905
3.8,PhD,104219
14.1,Bachelor,99501
,Bachelor,72432
,PhD,67522
16.5,PhD,120000
,Bachelor,69945
13.0,Bachelor,77728
8.9,Master,113669
8.5,PhD,120000
14.1,Bachelor,113156
15.1,Bachelor,120000
10.7,Master,114553
19.4,,103655
19.2,Bachelor,68814
8.8,PhD,120000
16.6,PhD,120000
,Master,54095
,Bachelor,91947
2.0,Master,45950
11.9,PhD,120000
18.1,Master,99397
,Master,68889
15.9,,73837
4.0,Bachelor,120000
7.8,Master,92265
5.4,PhD,82869
7.0,Bachelor,75785
12.0,PhD,56571
7.9,PhD,54180
11.7,PhD,99656
9.3,Master,88789
6.4,Bachelor,71674
2.8,Bachelor,84541
17.9,Bachelor,49540
1.2,Bachelor,114277
1.0,PhD,60307
,Bachelor,59469
19.9,Master,66023
14.8,Master,54850
1.3,Master,60253
,Master,80195
19.5,Master,101429
16.4,PhD,72891
11.8,PhD,87762
5.5,PhD,115561
1.3,PhD,59387
1.4,Master,99687
12.6,PhD,58923
1.4,Bachelor,48586
19.9,PhD,84602
4.5,Bachelor,56804
14.5,,118088
3.9,Bachelor,42681
11.3,PhD,93991
2.5,PhD,95100
15.6,Bachelor,45171
12.1,Master,105141
,PhD,77030
17.1,PhD,105947
11.4,PhD,112164
18.5,PhD,76159
18.4,Master,86702
18.5,Bachelor,72605
2.5,Bachelor,56740
3.3,PhD,40900
,PhD,120000
10.3,PhD,83019
5.5,Bachelor,47116
15.6,Bachelor,44795
6.0,Master,59824
14.8,Bachelor,56774
16.9,Bachelor,72017
15.9,PhD,47000
6.2,Master,50085
8.6,Master,92904
8.9,Master,114755
10.3,Bachelor,76463
,PhD,110485
9.6,Master,44904
10.7,Bachelor,113373
11.1,Bachelor,47796
16.6,Master,109058
10.8,,120000
,Bachelor,100885
13.6,Bachelor,109194
16.1,Master,86725
7.1,PhD,67377
13.3,Master,97147
3.8,Master,77658
7.5,,43427
18.3,Bachelor,87725
18.3,,104100
11.9,Master,40983
,PhD,93625
17.2,PhD,104984
19.2,Bachelor,54494
10.3,Master,81535
11.7,Bachelor,120000
,PhD,108197
2.4,Bachelor,71554
,PhD,77762
16.0,,53991
16.3,Bachelor,45684
18.0,PhD,76352
2.0,PhD,120000
11.0,Master,118097
3.0,,116237
4.8,,60584
18.1,Bachelor,49384
10.4,PhD,91490
15.4,Master,96167
2.2,Bachelor,73182
8.9,Bachelor,95329
13.8,PhD,103246
,PhD,105593
7.2,Bachelor,79394
2.2,Bachelor,107400
13.4,Master,47711
19.4,PhD,102146
16.7,Bachelor,63500
19.5,Bachelor,73062
,PhD,53017
17.2,Bachelor,54184
12.0,PhD,120000
10.8,Bachelor,75306
8.7,PhD,120000
16.5,Bachelor,62380
,Master,67417
2.1,Bachelor,88950
19.0,Bachelor,69247
1.1,Master,92327
19.6,PhD,71825
14.8,Master,109310
7.2,Bachelor,73659
14.3,Master,80012
16.5,PhD,84173
5.7,,99143
15.6,PhD,89522
16.3,PhD,78279
5.7,PhD,75046
1.8,PhD,102203
,Master,118713
4.8,PhD,55533
,,112217
14.8,Master,88626
8.2,PhD,89806
17.8,PhD,120000
5.8,Bachelor,84830
9.6,Master,118505
13.1,Master,82189
17.7,Master,63629
11.0,PhD,102358
8.1,Bachelor,120000
17.5,Master,117435
6.9,Bachelor,57692
2.5,Bachelor,67521
9.5,Master,91066
15.9,Bachelor,90540
1.6,Master,53424
12.1,PhD,62016
12.3,Bachelor,108942
18.6,Master,101449
6.4,Bachelor,101217
6.3,Master,116503
9.4,Master,68604
7.8,Master,116910
15.0,Bachelor,90492
13.2,Master,120000
15.4,Bachelor,72142
16.6,PhD,65466
18.5,PhD,105301
9.2,Master,107779
19.7,Bachelor,116240
5.1,Master,105171
14.6,,78264
,Master,95614
16.5,Bachelor,112372
10.1,Bachelor,102067
15.9,,85012
18.7,PhD,56271
14.9,Master,104565
15.7,,91170
,PhD,114230
4.9,PhD,83461
19.5,PhD,95456
14.2,Master,120000
11.7,Bachelor,46283
8.0,Bachelor,56550
1.8,PhD,99649
8.0,PhD,68892
10.5,Bachelor,73954
5.0,Bachelor,112990
4.3,Master,88307
10.7,PhD,54118
,Master,68206
5.6,PhD,48471
12.2,,82643
,Master,63208
10.0,PhD,120000
,Master,90372
18.6,PhD,62660
2.8,Bachelor,66792
2.8,PhD,94437
10.0,Bachelor,73114
12.2,PhD,92589
9.1,Bachelor,113206
7.2,PhD,75936
13.2,PhD,79063
1.0,Bachelor,103983
,PhD,74344
5.4,PhD,47020
18.4,Master,59030
3.1,Bachelor,115085
5.5,Master,113292
5.5,Bachelor,59320
19.9,PhD,94904
1.1,Bachelor,53459
13.2,Bachelor,93891
17.5,Bachelor,57042
13.8,Bachelor,52377
7.9,PhD,108318
19.2,Master,77412
18.0,Bachelor,50419
9.2,Bachelor,111357
11.9,Master,109823
19.4,Bachelor,87272
19.7,Bachelor,120000
9.5,Bachelor,88508
17.1,Bachelor,53829
,Master,50146
8.1,Bachelor,63709
4.1,Master,51493
5.0,Bachelor,96646
13.5,PhD,40000
10.7,Bachelor,76207
5.4,Master,61380
8.7,PhD,81379
8.1,Bachelor,89520
19.8,PhD,73826
17.2,Bachelor,69565
8.4,Bachelor,118515
18.4,Bachelor,102444
,Master,77715
13.7,PhD,92187
19.4,Master,92253
8.4,,47141
13.9,Master,48565
6.6,Bachelor,93069
6.1,Master,67305
11.9,Bachelor,52769
19.6,Master,69553
,PhD,56371
18.8,Master,119716
18.4,PhD,64790
5.8,Master,54746
8.6,Master,98199
13.2,Bachelor,84282
10.8,Master,87215
2.8,Bachelor,75924
,Bachelor,80279
15.3,Master,108019
9.3,Master,56623
12.7,Bachelor,80781
2.7,Master,115033
10.4,Master,65815
18.7,PhD,71806
18.0,PhD,68006
7.4,PhD,43023
11.1,Master,56582
14.3,PhD,42763
7.5,Master,68639
2.2,PhD,69684
10.6,Master,51818
12.4,PhD,100467
1.1,Master,106371
2.8,Bachelor,75495
4.9,Bachelor,120000
7.6,PhD,98010
11.3,Bachelor,99331
6.6,Bachelor,59118
6.2,Bachelor,104231
17.5,PhD,120000
3.8,,62777
10.4,PhD,97268
19.1,Bachelor,107957
12.9,Master,70325
14.6,,86182
9.2,PhD,61825
1.4,,53259
13.3,PhD,49858
,Master,83485
3.1,PhD,96556
9.8,PhD,116005
18.4,Master,92122
4.9,PhD,71146
9.8,Bachelor,44275
9.8,Master,112864
16.4,PhD,91301
16.7,Master,109032
15.4,,48799
7.9,PhD,82464
2.4,Bachelor,59597
7.6,Bachelor,41147
13.9,Master,102676
14.4,Master,89759
19.3,Bachelor,73867
9.6,Bachelor,104350
13.0,Master,79014
11.2,PhD,49018
3.9,PhD,118129
,Bachelor,60488
11.4,,119758
19.1,Bachelor,108295
8.0,PhD,61733
19.6,Master,87263
11.3,PhD,41989
5.6,Bachelor,66649
4.6,Bachelor,103953
3.7,Master,60918
9.6,Master,46425
1.4,Master,84462
9.5,Master,84397
19.8,PhD,105185
13.7,Master,119779
15.4,Bachelor,102196
3.3,Master,113183
10.0,PhD,62562
6.4,Master,83403
18.0,Master,80827
4.4,Bachelor,115259
9.7,Bachelor,76986
12.2,PhD,120000
10.8,PhD,106076
16.8,PhD,111593
5.4,PhD,85882
,PhD,78164
16.0,PhD,91630
11.0,Master,64708
8.6,Master,120000
1.6,Master,111761
15.3,Bachelor,108946
19.5,Bachelor,87214
12.8,,53327
17.3,Master,105908
10.8,Master,89449
5.4,Master,120000
1.3,Bachelor,101904
13.4,Bachelor,57113
10.4,Master,87487
,Bachelor,104140
14.2,PhD,94657
19.8,Bachelor,83193
10.7,PhD,70373
9.1,Bachelor,60274
6.4,Bachelor,100756
,PhD,49522
,PhD,108267
1.8,Bachelor,82525
19.6,Bachelor,120000
19.9,Master,120000
12.4,PhD,103175
7.3,Master,73753
5.2,Bachelor,74700
6.3,PhD,60819
2.0,Master,63460
10.0,Bachelor,93209
2.1,Bachelor,107379
14.7,Bachelor,62728
8.1,PhD,77079
,PhD,81404
11.4,Master,120000
19.5,PhD,61285
14.2,PhD,67120
,Bachelor,117591
15.8,PhD,61353
15.0,Master,99986
17.9,PhD,98569
4.9,Bachelor,81125
,PhD,84994
6.7,Master,103445
18.9,PhD,54233
6.3,Bachelor,59456
18.6,PhD,91026
,Bachelor,82679
3.8,Bachelor,82498
19.5,,119890
2.6,Master,111599
5.2,PhD,68530
9.4,Master,74903
19.9,PhD,71726
,PhD,120000
11.5,PhD,87605
14.2,Master,78271
19.4,Bachelor,111110
15.9,PhD,83503
5.3,PhD,57037
6.8,Master,79991
2.9,PhD,82042
13.2,Master,108544
,Master,98724
5.9,PhD,51526
17.9,Master,72623
7.2,Bachelor,93376
11.8,Bachelor,110104
,Bachelor,54700
2.4,Master,40000
,Bachelor,93890
8.8,Master,81001
18.0,Bachelor,59516
,Master,90337
8.2,Master,120000
15.9,Master,99081
15.4,Bachelor,87685
16.2,PhD,111292
,Bachelor,57464
16.1,Bachelor,75040
8.7,Bachelor,78100
16.6,Master,87237
10.7,Bachelor,116189
6.3,Master,69191
6.8,Bachelor,40000
5.3,,116335
3.8,Bachelor,64577
4.5,PhD,77533
2.2,Master,75153
17.9,Bachelor,120000
18.7,PhD,87767
12.1,PhD,82513
17.0,Bachelor,89887
4.5,Master,120000
18.1,Master,112794
10.6,Bachelor,58281
2.3,,107730
3.7,Bachelor,110770
,PhD,99241
1.8,PhD,99986
6.9,Master,76880
2.1,Master,100347
5.5,PhD,106138
6.0,Master,52362
,Bachelor,70766
5.5,PhD,62641
5.5,,116083
14.0,Master,100528
17.3,,81546
8.4,PhD,112280
17.6,Bachelor,100120
7.5,PhD,120000
4.7,PhD,57900
7.3,PhD,88817
12.6,Master,108910
,,66133
13.8,PhD,71968
5.5,Master,80847
14.3,Bachelor,101421
7.6,Master,84196
9.7,Bachelor,76427
11.6,PhD,80402
14.0,PhD,58288
5.5,PhD,120000
16.9,PhD,71519
14.7,Bachelor,94338
5.4,,54644
19.5,PhD,74368
13.6,Bachelor,113963
9.6,PhD,120000
4.0,Master,71566
11.1,PhD,66189
4.1,Bachelor,74754
9.2,Bachelor,67783
8.8,PhD,90899
14.7,Bachelor,80381
4.7,Master,106784
16.6,Bachelor,100543
7.2,PhD,57388
9.4,Master,104542
15.7,Bachelor,119064
12.9,Master,94702
6.9,Master,118019
8.3,Bachelor,103181
6.8,Bachelor,87371
12.3,Master,120000
7.3,Master,92428
14.8,Bachelor,89990
12.0,PhD,77833
3.8,PhD,114867
6.9,PhD,56809
5.2,PhD,79477
8.4,PhD,88272
10.8,Master,95824
10.6,Bachelor,95384
15.3,Master,85467
4.6,Bachelor,62977
19.0,Bachelor,108427
7.5,Master,97456
6.7,Master,120000
14.0,Bachelor,62240
,Bachelor,97189
8.2,Bachelor,99476
,Master,76486
17.8,Bachelor,109983
15.6,Bachelor,48452
1.6,Master,84082
16.7,PhD,100538
15.7,Master,89263
13.7,Master,87200
15.4,PhD,62897
19.6,Bachelor,101232
9.2,Master,66764
2.3,Master,79157
9.8,Master,64507
1.9,PhD,78061
6.6,Master,93390
12.2,Master,103799
6.9,,77987
14.0,Bachelor,65048
,Bachelor,84411
9.0,Master,101510
18.1,Bachelor,68702
2.5,PhD,72147
17.0,,90817
16.7,PhD,72086
7.1,PhD,58355
6.7,Master,63884
6.8,Master,72670
,PhD,50936
16.8,PhD,92788
7.3,PhD,64306
12.3,PhD,79606
3.6,Bachelor,53929
9.9,Master,91422
20.0,,111793
4.0,PhD,94804
19.0,PhD,95236
16.7,PhD,96185
19.5,Bachelor,47852
4.4,Bachelor,59643
5.1,PhD,52269
1.3,Bachelor,44774
14.8,Master,60107
13.2,Bachelor,84089
4.4,PhD,48100
16.0,Bachelor,117636
6.7,PhD,116061
3.6,PhD,120000
9.0,PhD,46699
,Bachelor,99968
6.0,Bachelor,110258
8.1,PhD,115836
17.2,Master,89435
16.1,PhD,106302
9.4,Master,46378
14.8,,49110
11.8,Master,47852
7.5,Bachelor,110893
14.8,PhD,52260
14.0,Bachelor,53704
12.8,PhD,117853
12.7,Bachelor,46387
14.0,PhD,114998
8.3,Bachelor,109529
17.5,Master,45276
,Bachelor,43042
17.8,PhD,87788
7.5,Master,120000
3.4,Master,110293
12.4,Master,73332
8.1,PhD,81410
16.5,Master,85189
9.2,,96227
13.7,PhD,67410
6.9,,62719
5.0,PhD,109276
8.4,PhD,79076
12.5,Bachelor,40000
,PhD,110658
12.0,PhD,85837
19.8,PhD,83951
14.1,PhD,102003
18.7,,90617
3.2,Master,102240
2.2,PhD,111195
6.9,Bachelor,86269
3.6,Bachelor,98434
11.0,Bachelor,94293
10.9,Master,85448
11.9,Master,58986
15.2,,72524
19.5,,104758
17.7,Master,89287
3.2,PhD,72822
7.4,Bachelor,105065
5.9,PhD,40000
4.4,Bachelor,90276
11.3,PhD,88340
,Bachelor,73239
5.3,PhD,66287
14.5,Bachelor,58223
14.9,Bachelor,75604
1.4,Bachelor,64498
8.5,PhD,89278
17.9,Bachelor,102019
10.9,Bachelor,82520
7.6,PhD,108976
5.8,PhD,104654
5.6,Bachelor,61659
,PhD,64205
16.5,PhD,58076
,PhD,115772
6.6,PhD,114502
1.9,Master,56186
15.8,PhD,95603
1.7,PhD,120000
6.9,Bachelor,107689
11.9,PhD,88656
8.8,Bachelor,57872
6.4,,72549
,PhD,106339
16.2,PhD,113240
,Bachelor,88424
7.6,PhD,60509
1.7,PhD,120000
1.7,Bachelor,106214
15.4,Bachelor,61190
11.5,Master,49660
15.9,Master,79148
14.3,PhD,63001
18.2,Master,71741
17.8,Bachelor,57369
16.0,Bachelor,120000
10.0,Master,114758
6.9,Bachelor,64124
10.6,Bachelor,115949
10.5,Bachelor,96461
,PhD,72182
4.5,Bachelor,119225
13.5,Master,87045
9.7,Bachelor,116993
12.8,Master,82962
,Bachelor,77574
9.3,Bachelor,58820
,Master,81418
17.6,Master,87913
10.3,PhD,120000
5.3,Master,86225
,Master,63659
13.8,Bachelor,45190
5.1,PhD,105877
19.8,Bachelor,72941
11.1,,78492
6.5,Master,102624
13.5,Master,119371
6.2,PhD,110639
16.6,PhD,63599
6.9,Bachelor,67282
19.8,Bachelor,107808
,Master,117040
17.0,Master,120000
2.4,Master,87877
7.6,,109284
15.0,Bachelor,47766
13.4,,67676
4.7,Master,78015
7.8,PhD,119780
6.0,Master,40000
,PhD,70325
7.5,PhD,120000
6.9,Bachelor,64522
4.9,PhD,59848
8.8,Bachelor,99225
4.7,PhD,103914
19.3,Master,78572
3.9,Bachelor,120000
18.4,PhD,51424
9.1,Bachelor,118503
8.2,Master,105967
5.4,PhD,76561
13.1,Bachelor,98840
,Bachelor,56320
9.9,PhD,53736
2.1,,120000
18.5,PhD,57941
19.6,Bachelor,40322
9.2,Master,66929
12.7,Bachelor,49044
9.6,Master,117480
7.1,Master,120000
2.5,PhD,83251
9.7,PhD,80347
16.5,PhD,89412
,,59878
12.1,Master,75045
,PhD,54655
,PhD,83540
4.5,Master,89143
15.7,Bachelor,120000
5.8,Bachelor,103759
4.6,PhD,107085
8.2,PhD,79510
8.5,Master,102203
17.6,Master,120000
12.8,PhD,120000
8.7,Bachelor,47951
,PhD,95911
19.1,PhD,101387
3.2,Bachelor,66247
4.9,,120000
19.3,PhD,76216
19.2,Master,64464
4.4,Bachelor,79114
3.8,Master,68592
9.0,Bachelor,114557
1.9,PhD,87677
13.4,Master,71978
2.5,PhD,97567
2.1,Bachelor,50838
10.2,Master,102446
19.2,Bachelor,108712
,Master,88466
7.8,Master,118645
20.0,Master,100406
11.1,Master,106040
8.1,Bachelor,112828
8.3,Bachelor,90257
4.7,Bachelor,76783
10.7,Bachelor,40000
,,89530
6.1,Bachelor,116572
4.1,Bachelor,89720
6.9,PhD,70015
10.7,PhD,89648
2.1,PhD,105404
3.9,Bachelor,41019
19.0,Bachelor,115008
11.3,PhD,120000
2.2,PhD,87163
14.2,PhD,56593
2.2,Master,99891
15.0,,53379
15.2,Master,80348
13.4,,43385
14.9,PhD,97435
2.7,Master,66937
14.8,Bachelor,115051
3.6,PhD,108330
7.5,PhD,118273
18.9,Bachelor,64492
10.6,PhD,55608
19.4,PhD,82949
2.7,Bachelor,53416
10.1,PhD,58042
2.2,PhD,95040
13.0,Master,83857
2.5,Bachelor,43083
4.3,Master,76287
5.9,Master,78698
15.2,PhD,74561
4.1,PhD,110793
17.1,Master,55801
,Master,69368
1.7,Master,55376
8.5,PhD,58772
19.6,Bachelor,107684
,Bachelor,59166
2.9,Master,110603
15.3,Master,84598
6.9,PhD,90573
14.6,Bachelor,119759
,Master,105530
9.7,Bachelor,55398
6.0,Master,99567
9.6,Master,81902
15.6,Master,75493
15.5,,95877
10.8,Bachelor,117890
18.6,Master,56488
,Master,95855
5.6,Bachelor,51562
12.7,,73445
12.8,Bachelor,109580
1.9,PhD,84918
12.5,Bachelor,49046
,Bachelor,78521
15.2,Master,109098
16.4,,88720
11.5,Bachelor,60695
1.0,Bachelor,69674
,PhD,117735
15.2,PhD,103159
5.7,Bachelor,92690
9.8,Bachelor,106345
19.3,Bachelor,53185
6.7,PhD,78598
5.2,PhD,72161
5.0,Master,55786
11.6,PhD,61637
,Master,107321
12.6,Master,58979
6.8,PhD,74977
13.1,Master,70907
,PhD,46981
12.3,PhD,76367
4.0,Bachelor,105071
13.1,Master,41313
9.2,Bachelor,49123
1.4,PhD,102039
,Bachelor,96609
19.8,Master,111088
7.6,Bachelor,60991
19.3,PhD,110544
2.8,Bachelor,73226
14.9,Master,104587
3.2,Master,48382
6.2,Bachelor,61651
11.8,PhD,109392
12.3,PhD,62124
15.7,Master,50922
12.7,PhD,87670
12.3,PhD,96137
18.3,Bachelor,93518
,Master,100992
5.3,PhD,82361
4.1,Bachelor,79241
8.6,Bachelor,110846
14.5,Master,87003
1.8,,86723
3.5,PhD,67420
,PhD,114126
12.1,PhD,55953
5.6,PhD,81969
4.2,PhD,81048
12.3,Master,88610
15.5,Bachelor,75184
7.3,PhD,96877
12.0,Bachelor,46240
2.9,PhD,63788
18.8,Master,110288
7.4,Bachelor,62766
20.0,Bachelor,58997
19.6,Bachelor,74961
15.8,Bachelor,120000
1.4,,42958
11.3,Bachelor,40000
2.6,PhD,85765
,PhD,66049
16.0,,79953
19.5,Master,114230
12.6,Master,54625
10.9,PhD,94643
10.9,PhD,88717
8.3,Master,115410
9.9,Master,120000
13.1,PhD,83964
18.7,PhD,101097
12.3,PhD,109076
17.3,Bachelor,74791
17.4,Bachelor,65521
10.9,PhD,120000
7.6,Bachelor,65429
,Bachelor,42902
9.5,Master,108049
2.5,Bachelor,95076
8.2,Bachelor,50936
19.9,PhD,49979
1.9,Bachelor,67892
14.2,PhD,120000
17.0,Bachelor,120000
13.3,Bachelor,74416
11.8,Bachelor,111714
,Master,78442
,Master,90126
2.7,PhD,72999
19.3,Master,84717
9.2,Master,66556
13.6,Master,55860
11.1,Master,54873
2.0,Master,63132
19.1,Master,120000
16.1,Bachelor,120000
3.8,PhD,105397
,Master,74397
15.0,Master,78581
10.0,Bachelor,82104
12.6,PhD,72645
3.0,Bachelor,47238
,PhD,90088
2.4,Bachelor,46670
11.4,PhD,111448
11.5,Bachelor,100834
17.6,Bachelor,72364
14.8,PhD,98325
5.7,PhD,66240
17.9,Bachelor,60880
11.9,Bachelor,62219
,Bachelor,108405
4.2,Master,49566
17.3,Bachelor,81798
,Bachelor,70673
15.7,Master,76759
18.9,Master,63154
6.7,Master,100106
17.4,Master,94027
10.3,PhD,106149
4.1,Master,59930
13.7,,50974
14.0,PhD,105630
6.5,Master,55848
1.5,PhD,55407
4.8,PhD,79060
8.6,PhD,117340
4.2,Bachelor,81785
4.7,Bachelor,58706
8.4,Bachelor,100579
19.3,Bachelor,107453
15.5,PhD,83826
7.1,Master,56113
19.1,Bachelor,104004
13.3,Master,95557
9.7,Bachelor,53042
,Bachelor,91126
8.8,Master,77863
5.4,PhD,104176
8.3,Master,57351
11.0,Master,64670
11.0,,85867
,PhD,85183
7.8,Master,71418
14.6,Master,105321
12.0,Master,83162
19.3,PhD,108182
8.3,PhD,59053
18.1,Bachelor,97439
16.6,Master,90034
13.1,Bachelor,42497
,PhD,71724
2.6,Master,45987
19.1,Bachelor,87282
3.0,Master,69351
11.7,Bachelor,120000
7.3,,118118
9.2,Bachelor,118349
12.6,PhD,92242
18.3,PhD,115298
9.7,Bachelor,57517
19.8,PhD,81712
12.3,Bachelor,74471
4.1,Master,52864
4.6,Master,45300
,PhD,91625
,Bachelor,51725
,PhD,100365
,PhD,120000
9.2,Bachelor,55895
15.2,Bachelor,82423
9.7,,114386
4.1,PhD,68067
5.8,Bachelor,115130
8.0,Master,117596
2.3,Bachelor,57976
12.1,PhD,48588
12.5,Master,120000
2.2,Bachelor,116636
8.6,PhD,78847
8.9,Bachelor,44264
7.3,Master,90399
11.6,Master,76933
7.6,Bachelor,114448
8.9,PhD,101539
16.2,PhD,100454
4.1,PhD,72079
12.8,Master,107654
10.6,Bachelor,60341
6.8,Bachelor,50614
14.8,Master,96909
11.5,Bachelor,79123
10.1,Bachelor,103200
13.7,Bachelor,107206
,Master,83985
19.5,PhD,77345
13.0,PhD,82533
17.6,Master,76641
1.0,PhD,99350
11.1,PhD,83152
5.1,Master,115885
2.8,Bachelor,104815
11.1,PhD,62001
15.2,Bachelor,56709
8.8,Master,68352
13.7,PhD,76789
10.3,Master,81579
9.3,PhD,57445
6.5,Master,120000
,PhD,54154
7.6,PhD,88023
13.3,PhD,50322
3.2,PhD,86888
2.8,Bachelor,59595
13.5,Bachelor,75508
11.4,Master,91314
9.2,PhD,93280
3.9,Bachelor,80716
8.8,PhD,96321
16.0,Bachelor,119815
17.9,Master,115274
14.3,Master,105931
2.1,Master,43177
,PhD,120000
5.6,Master,120000
7.0,Master,101165
4.7,Bachelor,80647
15.7,Master,68474
13.3,Master,109345
12.6,PhD,120000
13.7,Bachelor,95860
5.5,Bachelor,88870
,Bachelor,68075
13.0,Master,74711
13.1,PhD,103493
16.0,Master,40266
6.5,PhD,91588
15.6,Bachelor,102802
9.4,PhD,74793
13.7,Bachelor,48422
9.7,Master,110015
19.0,PhD,52880
4.4,PhD,81006
,Master,98532
12.0,Master,111634
4.3,Bachelor,107627
2.3,Bachelor,81532
16.2,PhD,81959
4.0,PhD,113546
4.5,PhD,84494
19.6,Master,95243
14.6,,81503
,Bachelor,74715
12.2,PhD,88746
11.1,PhD,73929
17.0,PhD,77413
14.9,PhD,120000
16.8,Bachelor,78517
5.0,Master,61715
13.2,Bachelor,71265
1.8,PhD,88458
,,109903
14.6,Master,119077
1.5,Master,111761
12.0,PhD,115661
17.0,Master,117861
8.2,PhD,69831
1.9,Master,76011
14.6,Bachelor,75799
18.7,Master,88674
14.6,PhD,94776
12.0,Master,79942
,PhD,95369
1.3,Bachelor,73613
14.2,Master,69225
5.4,Master,68404
17.3,Master,112123
9.9,Master,90273
11.1,PhD,112591
15.3,Bachelor,107080
15.8,Master,83519
13.2,Bachelor,57960
18.8,Bachelor,100307
19.7,Master,101753
19.0,Master,84116
,PhD,77243
14.4,Bachelor,95034
13.6,Bachelor,67343
3.0,PhD,120000
6.2,PhD,94807
1.1,PhD,66372
,PhD,56060
9.3,Master,108018
3.8,Master,109048
18.1,PhD,100737
16.3,Bachelor,101151
2.4,PhD,78342
5.7,Master,83716
16.6,PhD,120000
16.3,Master,96512
19.0,Bachelor,55984
20.0,Master,79231
19.5,PhD,57557
8.8,Master,74001
5.8,Master,82350
15.4,Bachelor,51087
6.7,Bachelor,98851
16.3,Bachelor,92221
11.1,Master,76175
16.1,Master,74830
6.2,PhD,74463
10.7,PhD,59355
11.7,Bachelor,40870
,Master,49686
6.1,Bachelor,74832
18.8,PhD,61598
16.3,Bachelor,41385
14.9,Master,117805
16.0,PhD,73357
12.5,PhD,89442
5.6,Master,69923
4.6,PhD,51749
17.5,Bachelor,109678
,Bachelor,63815
5.1,Bachelor,47837
12.7,PhD,91033
9.5,Master,51640
4.0,Bachelor,74095
11.1,PhD,64523
6.3,PhD,65958
2.8,PhD,50308
9.9,PhD,120000
12.2,Bachelor,90321
1.9,Bachelor,89496
8.6,Bachelor,96814
5.9,Bachelor,107161
,PhD,95068
,Master,100483
3.6,PhD,73527
4.5,PhD,71626
16.3,PhD,116461
9.4,Master,110305
3.8,PhD,65812
2.9,,89489
6.7,Master,98798
16.2,Master,50016
7.9,Master,120000
4.0,PhD,79749
8.7,PhD,98825
11.6,Bachelor,55561
1.6,PhD,65239
12.9,Bachelor,55981
8.5,Bachelor,57941
1.2,Master,72897
13.8,Master,107672
14.5,PhD,94444
12.9,Master,66792
7.5,Bachelor,43805
11.1,,105928
8.4,PhD,85558
14.3,Master,120000
12.1,PhD,105389
2.6,Master,112110
13.2,Master,48142
14.1,,105842
8.0,Master,58948
,PhD,89951
17.0,PhD,80326
,Bachelor,81297
18.2,Bachelor,60918
9.4,Bachelor,79016
14.8,Bachelor,42687
16.5,Bachelor,50816
10.6,PhD,98806
8.6,Master,120000
18.4,Master,109878
5.4,PhD,74966
5.9,PhD,46755
7.9,Master,41685
17.3,Master,62136
18.8,Master,120000
5.2,PhD,68732
17.4,Master,113570
5.9,Master,105445
19.4,Master,87958
12.4,Master,118871
1.1,Bachelor,58761
1.6,Master,83708
3.8,Bachelor,113041
4.6,PhD,92266
15.6,PhD,70407
5.2,PhD,59407
19.4,Bachelor,114267
13.1,Master,43098
,Bachelor,103503
5.1,Master,40000
18.0,Master,96794
13.7,PhD,93832
17.4,Bachelor,88811
,PhD,87458
3.4,Master,116716
2.8,Bachelor,95856
16.3,Bachelor,110681
17.5,Master,50592
12.1,Bachelor,45024
8.0,Master,49684
13.4,Bachelor,56336
6.8,Master,99285
5.5,Bachelor,84240
10.3,Bachelor,104101
5.1,PhD,67777
10.2,Master,71259
19.2,Bachelor,112744
17.0,Bachelor,111132
18.9,Bachelor,120000
16.3,Master,109004
,PhD,106698
16.4,Master,120000
18.5,Bachelor,100990
19.0,PhD,119741
14.0,Bachelor,50415
5.0,PhD,117961
1.8,PhD,89338
3.8,PhD,56106
19.3,Master,65811
,Master,108363
17.2,Master,89755
9.8,Master,120000
13.6,Master,56783
1.5,Master,78112
5.7,PhD,74887
9.3,,83600
13.0,PhD,95407
4.3,PhD,108354
15.5,Bachelor,51382
7.9,PhD,52245
16.5,Bachelor,51169
2.9,PhD,108349
13.9,Master,67738
6.6,Bachelor,65110
16.1,PhD,85288
8.6,Bachelor,112011
13.6,Bachelor,50632
18.8,Bachelor,54069
1.4,Master,102065
1.2,PhD,120000
15.6,Bachelor,108399
,Master,74715
6.6,PhD,94029
10.4,Master,120000
1.8,Master,79814
4.7,Bachelor,72754
9.1,,87641
,Bachelor,120000
10.1,PhD,99434
12.1,Bachelor,100283
17.6,PhD,61896
6.9,PhD,85547
14.3,Master,76394
17.4,,68133
,Master,110594
7.8,Master,71694
19.6,Bachelor,61371
19.7,PhD,120000
5.2,PhD,50617
2.3,PhD,101834
6.1,Bachelor,94447
8.6,Bachelor,107439
9.4,Master,105847
12.8,,101463
,Bachelor,69612
7.3,PhD,84083
17.1,PhD,120000
2.8,Bachelor,40000
1.8,Master,109129
10.6,Master,63231
2.1,Master,53950
8.5,PhD,54803
18.0,Bachelor,48842
5.6,Bachelor,120000
14.4,PhD,117617
6.7,PhD,87548
1.9,Master,97583
11.6,Master,89204
16.9,Bachelor,104459
8.8,Master,111697
12.7,Master,61477
18.1,PhD,79585
16.0,Bachelor,99361
4.7,PhD,114810
14.9,PhD,104706
10.5,Master,119396
15.2,Bachelor,109612
10.4,Bachelor,94837
3.4,PhD,112770
11.8,PhD,73677
10.4,PhD,70460
10.8,Bachelor,105675
17.7,PhD,54280
18.0,PhD,68907
9.6,Bachelor,91238
9.7,PhD,79397
10.8,,120000
10.9,Bachelor,120000
19.1,PhD,91691
13.3,,86382
6.3,Master,99340
11.1,PhD,82778
12.9,PhD,59296
13.2,Master,101712
12.1,Bachelor,102258
,PhD,59526
1.6,PhD,106028
7.4,PhD,99086
9.1,Bachelor,54735
2.2,Master,89124
16.5,PhD,73005
7.5,Master,63007
18.4,Master,120000
3.9,Master,111192
,Bachelor,61549
,Bachelor,120000
4.6,,58954
18.8,Bachelor,63393
1.2,Bachelor,43066
8.8,Bachelor,64554
18.6,Master,74509
8.3,Master,120000
2.8,PhD,64729
6.8,Bachelor,81763
10.5,Master,109277
4.5,Bachelor,69701
9.9,PhD,95943
16.9,Bachelor,80055
17.6,Bachelor,59412
1.9,PhD,102425
4.1,Master,45631
6.2,Master,62243
12.3,PhD,74401
7.9,Master,80045
17.0,Master,95938
,Master,86634
2.9,Master,91028
12.9,Bachelor,95598
3.1,Bachelor,73227
,PhD,110889
4.4,Bachelor,113621
4.3,PhD,99104
12.7,Bachelor,53470
11.7,Master,76192
4.3,Bachelor,58393
19.8,Bachelor,80437
9.0,PhD,50296
,Master,106934
3.3,,50800
,Master,120000
19.6,PhD,58226
11.9,Bachelor,90656
19.0,Bachelor,111098
9.4,Master,71235
9.3,PhD,112317
,,83827
14.3,Master,117698
8.0,PhD,116969
17.4,PhD,62989
1.6,Bachelor,103545
9.4,PhD,61780
10.7,Master,58439
12.5,PhD,51912
6.2,Master,52090
,Bachelor,97613
10.2,Bachelor,81563
14.1,Master,110244
15.7,PhD,79537
15.0,Master,120000
7.5,Bachelor,47133
20.0,PhD,53435
,PhD,100658
5.9,Master,110702
4.7,Bachelor,105785
7.0,Bachelor,86374
9.6,,68803
17.2,PhD,52059
,PhD,82965
17.2,,88825
6.2,Master,68903
12.3,PhD,93814
,Master,104485
3.1,PhD,94220
14.0,PhD,69047
3.7,PhD,92115
13.7,PhD,64005
13.3,Bachelor,51133
16.4,PhD,110482
3.7,Bachelor,97459
15.9,Bachelor,103620
20.0,Master,57021
17.2,,118461
15.3,PhD,57600
13.6,Bachelor,120000
9.0,Bachelor,70429
14.9,PhD,58342
14.8,Master,69039
13.0,Bachelor,56878
16.1,Bachelor,83962
9.5,Master,120000
3.3,PhD,69952
11.6,Bachelor,91643
6.0,Bachelor,111963
8.3,Bachelor,87928
1.3,,77566
8.3,PhD,120000
16.4,Master,68760
11.3,Bachelor,86474
1.2,PhD,114125
9.9,Master,43522
6.5,Master,95947
10.1,PhD,72566
8.7,Master,54883
,Master,75473
1.8,PhD,120000
14.0,Master,120000
17.2,Bachelor,57377
19.2,PhD,62904
4.4,Bachelor,66738
11.1,Bachelor,78734
1.8,Bachelor,114391
10.5,PhD,120000
3.4,PhD,108924
16.9,PhD,96450
3.2,,55453
10.8,Master,58150
10.9,Bachelor,91543
19.5,PhD,89597
13.4,Master,112765
6.5,Bachelor,68546
5.6,Master,40000
3.4,Bachelor,77372
15.4,Bachelor,120000
14.1,Master,109131
12.6,Bachelor,44377
1.8,PhD,115453
15.5,Master,92602
,Bachelor,75487
19.3,Bachelor,74601
12.2,Master,90818
6.8,Master,80640
8.2,Master,96607
4.3,Master,88889
14.7,PhD,49265
14.4,PhD,64264
4.8,Master,116016
4.0,PhD,95970
,PhD,67342
18.3,PhD,71103
5.4,Master,40000
7.5,PhD,67849
6.3,Master,53089
8.9,Bachelor,77542
14.6,Master,101774
17.5,Bachelor,69169
4.5,PhD,116154
14.0,PhD,101219
7.7,PhD,54716
19.6,Master,93045
6.7,Bachelor,49167
1.1,PhD,94104
10.8,Master,59400
3.9,Bachelor,73059
1.8,PhD,93967
14.3,PhD,59587
,Master,62667
9.8,Bachelor,60622
13.9,Bachelor,79736
,Master,117923
13.0,Master,59784
12.3,Bachelor,63390
13.7,Master,80912
4.8,Master,55240
6.1,Bachelor,90502
9.4,Master,61423
9.5,Master,104334
15.7,Master,92529
8.0,Master,44147
4.1,Bachelor,87798
5.8,,84570
5.1,Master,75474
14.9,PhD,54018
9.9,Master,62326
,Master,79848
8.9,,54161
17.9,Bachelor,92565
19.7,Bachelor,97286
13.7,PhD,115797
17.4,Bachelor,95261
10.7,PhD,98359
,Bachelor,94456
16.8,Master,120000
19.8,Master,77197
12.8,,70895
15.8,Master,67736
11.3,Bachelor,83249
5.9,Master,59882
7.7,PhD,69099
,Bachelor,85213
2.1,Master,117896
12.2,PhD,120000
8.1,PhD,107087
8.3,Bachelor,66542
17.8,Bachelor,118053
17.2,Bachelor,107776
12.4,PhD,120000
6.2,Bachelor,96056
10.0,Bachelor,66249
8.8,Bachelor,45615
7.7,Master,112056
3.0,PhD,53879
11.3,Bachelor,61687
6.7,PhD,78100
13.6,Master,48381
7.1,PhD,117449
9.2,,66506
2.0,Bachelor,45569
19.9,PhD,120000
10.6,PhD,70702
1.5,Master,112331
11.3,PhD,82333
,PhD,101476
15.7,Master,58559
,Bachelor,88301
3.6,Bachelor,66937
13.5,PhD,120000
15.6,Master,53858
11.9,Bachelor,60590
18.0,Bachelor,109772
6.3,PhD,87447
5.6,PhD,92829
17.5,Master,99733
,Master,52116
1.0,Master,44504
7.7,Bachelor,120000
17.3,Master,67933
1.5,Master,62849
1.1,Bachelor,98339
6.3,Bachelor,63682
18.4,Bachelor,97692
18.1,Bachelor,76259
10.9,Bachelor,116213
11.5,Bachelor,71328
7.3,Master,46677
,PhD,113419
,Master,71452
3.0,PhD,77220
10.3,Master,108743
13.1,PhD,93965
3.0,Bachelor,79501
10.9,Master,61320
,Master,109971
15.1,Bachelor,63809
5.5,PhD,114551
6.6,Master,51266
11.8,,110002
19.7,Master,88868
5.1,Bachelor,53446
19.7,Bachelor,76084
14.6,Bachelor,63709
16.7,Master,60673
2.7,Master,64077
6.7,Bachelor,111563
2.1,PhD,50577
,Master,120000
19.6,Master,40000
3.0,Master,104405
11.7,PhD,114101
1.1,PhD,118958
14.5,PhD,69365
4.7,Bachelor,93560
3.5,Master,62798
7.4,PhD,77127
15.6,PhD,108466
3.0,Bachelor,71797
5.4,Master,63982
1.2,Bachelor,41399
19.4,PhD,48232
,Bachelor,58349
14.7,Master,111270
13.4,Bachelor,40000
3.7,Bachelor,96142
12.3,PhD,111053
3.5,Master,88174
8.6,Master,105573
11.8,Master,102996
11.6,Master,84281
3.3,PhD,73836
1.7,Bachelor,113094
16.2,Master,120000
14.8,Bachelor,97918
2.6,Master,53760
3.4,Bachelor,83362
18.0,PhD,89433
15.6,Master,110082
19.9,PhD,100432
5.8,Bachelor,88578
10.3,Bachelor,89592
,PhD,54952
12.8,,97776
3.2,Master,52507
3.4,PhD,97791
2.4,Master,48684
14.2,Master,53275
10.4,Bachelor,43317
12.7,PhD,115713
17.7,Bachelor,95259
15.1,Master,74744
9.8,Master,111886
19.7,PhD,99397
9.7,Master,91932
3.1,,83765
19.9,PhD,40442
1.4,Master,49688
11.4,Master,45707
6.9,PhD,96345
10.6,Bachelor,65027
11.6,PhD,69137
5.6,Master,71396
11.6,,54663
15.4,PhD,120000
6.1,Bachelor,106965
,Master,63834
6.1,Master,109681
16.6,PhD,80964
14.8,Master,108486
17.6,PhD,67846
4.2,Master,46908
2.4,Bachelor,104506
,Master,113725
4.1,PhD,81339
11.1,PhD,119489
19.4,PhD,109593
7.8,PhD,64040
19.2,PhD,68137
1.7,PhD,49039
18.6,PhD,106504
4.4,Bachelor,120000
,PhD,95233
2.1,PhD,102406
,Master,109677
4.8,PhD,59243
6.8,PhD,70936
,PhD,71768
8.2,Bachelor,93167
13.7,Master,110519
19.5,PhD,75307
12.5,Bachelor,84422
14.7,Bachelor,114222
2.7,Bachelor,49899
12.9,Bachelor,86906
9.6,Master,55017
17.8,PhD,89549
8.4,,104152
13.9,Bachelor,68121
5.3,Master,104305
5.9,PhD,71870
8.1,Bachelor,49361
6.8,PhD,84130
5.8,Bachelor,109533
1.9,PhD,51602
16.9,Master,69063
2.2,PhD,94628
17.9,Bachelor,77138
3.4,Bachelor,47315
,Master,76433
11.7,Master,108279
10.5,PhD,120000
10.3,PhD,55456
,Bachelor,87276
6.5,PhD,51308
13.6,Bachelor,100427
10.5,Bachelor,42962
7.4,Master,43341
16.7,Bachelor,103695
14.8,PhD,60206
8.5,Bachelor,66211
17.1,Bachelor,118962
18.5,Master,120000
11.2,Master,59546
,Master,95208
18.4,PhD,92406
4.6,PhD,76256
1.9,Master,120000
7.2,PhD,106160
14.8,PhD,108072
18.5,Bachelor,67474
13.1,Master,73948
19.1,Bachelor,84496
2.8,PhD,71551
2.2,PhD,57346
12.5,PhD,55067
19.4,Bachelor,61213
10.6,Bachelor,65662
2.0,PhD,63168
5.2,Master,67094
5.7,Master,81788
7.4,Master,81164
1.8,Master,62169
18.2,Bachelor,120000
10.8,Master,75618
13.7,Master,105265
2.3,Bachelor,107652
,Bachelor,58954
12.1,Master,86183
17.9,Master,77905
11.0,Bachelor,85482
17.7,Bachelor,52908
16.4,Master,112683
2.4,Bachelor,57144
4.8,,120000
13.5,Bachelor,104503
9.4,PhD,94536
6.5,Bachelor,50858
9.0,PhD,80509
9.5,,59048
18.3,Master,66192
3.0,Master,111108
,Master,72152
11.2,Master,72718
,Bachelor,114078
13.0,PhD,60290
,,89939
,Bachelor,99401
11.6,PhD,84841
5.1,Bachelor,102641
9.6,Bachelor,115071
14.2,PhD,82921
,,83635
19.2,Master,75233
12.5,PhD,100834
11.0,PhD,96976
1.3,Master,69169
2.4,Master,48466
4.0,Master,114650
2.0,Master,60792
8.6,PhD,98793
7.4,Bachelor,106605
13.1,Master,66525
11.2,Master,92928
12.3,PhD,57720
10.0,Bachelor,113685
6.3,PhD,44108
19.1,Bachelor,76145
2.6,,81205
18.8,Master,106260
6.9,Bachelor,56244
10.7,Master,85156
3.1,Master,67765
2.3,Master,68224
9.2,,104713
15.1,PhD,40000
6.1,Bachelor,102475
11.7,Master,111330
,,110630
8.4,Bachelor,87290
18.2,Master,67269
17.3,Master,81706
10.8,Master,120000
5.5,Master,119617
,PhD,77464
19.1,Master,120000
4.9,Master,108892
16.4,PhD,117257
8.0,Bachelor,101233
,PhD,120000
8.0,Bachelor,108213
7.7,PhD,50380
13.1,,120000
19.3,Master,75594
19.5,Bachelor,81628
14.4,Bachelor,109378
15.3,PhD,104061
11.7,,116900
15.4,Master,79233
17.3,PhD,78100
10.2,Bachelor,52336
12.8,,79526
,Bachelor,101291
11.7,Master,76864
17.9,Bachelor,84016
7.8,Master,61058
,Master,107976
,Bachelor,48887
5.0,PhD,97235
10.5,Master,76190
,Bachelor,44743
12.7,Bachelor,120000
17.3,PhD,88401
4.2,Master,86014
,Bachelor,102029
12.4,Bachelor,99923
1.6,PhD,96492
13.0,Bachelor,118484
19.1,Master,87085
2.5,,76129
12.1,Bachelor,60648
18.4,PhD,116707
1.2,Bachelor,120000
13.0,PhD,73243
10.0,Bachelor,59942
7.6,Bachelor,53076
12.9,PhD,103334
2.0,Bachelor,53058
,PhD,111481
1.1,PhD,119742
6.8,PhD,113474
10.6,Bachelor,45096
8.2,Bachelor,120000
6.8,PhD,106587
,Bachelor,49920
18.8,Master,73290
17.6,Master,105323
10.9,Master,120000
17.8,Master,63280
18.5,PhD,64557
8.8,PhD,88092
6.4,Bachelor,117402
2.9,Master,120000
10.1,PhD,68605
19.0,Master,64849
11.7,Master,120000
13.7,PhD,112191
3.1,PhD,120000
3.7,Master,118131
9.8,Master,58875
19.1,Master,108199
7.9,Bachelor,44889
17.7,Bachelor,113035
3.3,PhD,91591
12.7,Bachelor,111917
12.4,Master,118431
17.3,PhD,61967
1.1,Master,57509
,Bachelor,69626
5.2,PhD,120000
19.0,PhD,108091
3.9,Bachelor,120000
1.7,Master,97917
11.2,Bachelor,64393
11.0,Bachelor,40324
17.0,PhD,62358
19.0,Master,104368
11.2,Master,113284
18.7,PhD,71372
14.8,PhD,120000
6.0,PhD,73135
18.6,Bachelor,77345
,Bachelor,79627
8.9,Bachelor,61611
13.9,PhD,116382
8.6,PhD,84591
3.2,Master,68963
14.7,Master,111273
16.7,Bachelor,120000
14.8,Bachelor,96139
5.4,Master,71866
19.2,Bachelor,66759
1.5,Master,44102
7.3,Master,60132
5.9,Master,116524
1.9,PhD,40912
8.7,PhD,77423
12.8,Bachelor,102480
17.8,PhD,107482
19.8,PhD,65131
16.4,Bachelor,76042
9.9,PhD,71976
14.8,Bachelor,65743
17.0,Bachelor,61222
9.8,PhD,97480
15.9,Bachelor,52914
10.2,PhD,72377
,Bachelor,53422
11.0,Bachelor,120000
13.8,PhD,97166
14.8,Bachelor,120000
7.8,PhD,65449
11.9,Master,120000
18.3,PhD,81769
19.5,Bachelor,61983
5.3,Master,101148
4.7,,101257
13.9,Bachelor,120000
8.9,PhD,105232
1.5,PhD,42250
7.6,PhD,67749
,Master,87911
16.2,PhD,58356
10.4,Master,108055
10.0,Master,82818
12.0,Bachelor,120000
5.2,Bachelor,96997
,Bachelor,92135
1.2,Master,49403
10.0,Bachelor,50679
,Master,120000
13.8,PhD,120000
13.1,Master,71240
8.2,PhD,101482
1.1,PhD,86409
,Bachelor,115996
13.0,Bachelor,67459
2.4,,91696
3.0,PhD,78307
13.3,Master,88125
15.4,Bachelor,77985
7.1,PhD,85119
10.3,PhD,95639
19.0,,51159
19.0,Master,117698
6.8,PhD,105166
16.4,PhD,113184
12.3,Bachelor,71993
19.5,PhD,45383
10.1,PhD,82463
,Bachelor,48226
,Master,92137
10.5,PhD,55262
16.1,PhD,82204
6.0,Master,57384
3.3,Master,40000
9.1,Master,116062
18.9,Bachelor,120000
10.5,Bachelor,95790
13.1,PhD,66360
,Bachelor,120000
3.5,Master,119530
8.4,Master,111818
,Bachelor,90738
19.5,Bachelor,43179
4.2,Master,40000
8.8,Bachelor,115665
,Bachelor,110978
5.6,Bachelor,86099
8.2,PhD,64817
11.3,Master,98282
5.4,PhD,112655
5.3,Bachelor,101838
15.8,Master,100982
19.3,Master,62649
7.1,PhD,70291
14.1,Master,106463
5.9,Bachelor,111808
18.6,Bachelor,52314
13.8,Master,54692
16.3,Bachelor,96184
1.9,PhD,69373
12.4,Bachelor,85958
11.0,Master,92313
6.6,PhD,102519
6.0,Master,107796
12.0,Master,61612
14.4,,90257
1.6,Bachelor,47885
11.8,Master,111795
4.2,Bachelor,110862
3.7,Master,64479
,Bachelor,52799
6.9,Master,45904
9.4,Bachelor,93933
7.8,Bachelor,56035
,Master,97363
,PhD,99447
19.3,Bachelor,86386
7.7,PhD,114525
15.1,Bachelor,67534
,Bachelor,111509
10.7,Bachelor,51550
11.5,PhD,47961
7.3,Master,72156
10.0,Master,87533
6.3,Master,40000
1.1,PhD,93038
5.1,Bachelor,67508
14.3,Master,120000
15.6,Master,83866
6.3,PhD,83060
8.8,PhD,120000
1.7,Master,101339
5.5,PhD,77378
15.8,Master,91780
12.5,Master,97932
4.9,Bachelor,62006
5.9,PhD,48748
16.5,PhD,69223
5.0,Bachelor,101943
7.3,PhD,69127
13.6,PhD,57795
11.7,Bachelor,63371
9.8,PhD,87241
18.1,PhD,88136
5.2,Bachelor,85856
15.1,Bachelor,68390
4.0,Master,107780
12.7,Master,89899
,PhD,89240
9.7,Bachelor,119898
14.8,Bachelor,117333
16.6,PhD,95298
3.6,Master,120000
14.4,PhD,99552
18.5,Bachelor,72211
12.0,Master,60148
4.5,Bachelor,83937
3.4,Bachelor,90989
5.9,Bachelor,75799
3.0,PhD,104000
10.8,PhD,89623
2.3,,61386
5.2,,40000
,Bachelor,120000
10.0,Bachelor,114866
11.7,PhD,98319
14.4,PhD,107185
1.9,Bachelor,97990
2.5,Bachelor,104340
2.2,PhD,73087
9.0,Master,86222
1.8,Master,52499
15.2,Master,119857
5.2,,120000
18.8,Master,113540
10.2,Master,77245
,PhD,87531
15.8,PhD,89214
14.5,,64511
,PhD,87906
18.8,Bachelor,48751
9.0,PhD,120000
16.4,PhD,85853
8.2,Master,120000
,PhD,108045
5.9,PhD,69760
6.5,Master,58403
13.9,PhD,120000
5.0,Master,98344
5.4,Bachelor,73985
6.8,Master,55686
13.9,PhD,107706
17.9,PhD,74653
13.8,Bachelor,63892
16.7,PhD,98354
11.3,,94437
2.3,PhD,76533
2.9,Bachelor,116574
11.5,PhD,99413
,Master,119190
,PhD,54976
9.9,PhD,74834
13.7,,49869
8.3,Bachelor,64766
16.2,PhD,120000
15.0,Master,120000
15.0,PhD,102073
19.7,Master,94414
6.6,Bachelor,104887
13.2,Bachelor,77527
17.3,Bachelor,41257
12.0,Bachelor,81675
16.0,Master,88367
8.9,Master,72143
12.2,Master,59549
2.1,Bachelor,64835
19.7,Master,98333
16.2,PhD,63073
17.5,Master,112741
,Master,82952
4.5,Master,79830
1.6,,108569
17.4,Bachelor,86362
8.5,Master,75929
6.0,Bachelor,98925
11.7,Master,72194
9.0,Master,112202
13.4,Master,88046
10.2,Master,61073
14.2,Bachelor,94954
17.2,Bachelor,61369
4.7,Master,46775
,Master,44696
9.3,PhD,72981
19.3,Master,99874
7.9,Bachelor,105466
,Master,113423
13.4,Bachelor,57673
9.0,Bachelor,91216
19.1,PhD,70542
18.0,PhD,96030
10.8,Master,120000
13.3,,40268
2.1,Master,119220
14.2,Master,109738
14.4,PhD,108208
7.8,PhD,94515
5.2,Bachelor,100279
,PhD,120000
9.1,Master,104498
13.4,PhD,69799
1.6,PhD,102993
8.9,Bachelor,69869
16.5,PhD,120000
8.4,Master,119851
,Bachelor,88805
5.0,PhD,103053
8.9,PhD,119440
18.6,Master,63067
11.8,Master,93256
,Bachelor,83146
18.1,Master,113804
18.9,PhD,73289
18.0,Bachelor,105710
,Master,77138
18.7,PhD,56300
3.6,PhD,56300
1.8,PhD,55158
2.1,PhD,49567
7.6,Bachelor,87935
12.8,Master,99342
8.6,Master,51237
1.5,Master,87859
10.1,Master,91275
9.4,Bachelor,58803
15.4,Bachelor,80107
6.3,PhD,110330
,Master,49901
5.9,Bachelor,52440
6.8,Master,120000
12.4,Bachelor,101883
10.0,PhD,80660
7.4,Bachelor,94270
8.1,Master,114046
,Master,107576
19.5,Master,72532
5.4,Master,80188
16.5,Master,98202
14.5,Bachelor,54081
,PhD,117664
19.9,PhD,86452
15.4,Bachelor,67344
14.0,Master,120000
8.7,Bachelor,49805
11.5,Master,45734
,Master,100041
1.7,Master,75074
16.9,Master,107166
18.0,Master,47939
4.1,Master,71032
16.0,Bachelor,64102
15.1,Master,107647
4.4,PhD,58378
9.0,Master,77634
9.0,PhD,112524
15.4,PhD,120000
16.9,PhD,106610
2.8,PhD,65106
11.7,Bachelor,87794
15.5,PhD,107091
15.9,Bachelor,111685
,Bachelor,114658
11.0,Master,113233
17.3,Master,103732
7.1,PhD,58962
9.1,PhD,105268
16.3,,109877
2.7,Master,116772
17.3,Bachelor,117616
6.9,PhD,82639
1.0,PhD,92003
5.4,PhD,40622
2.7,Bachelor,88965
2.8,Bachelor,77135
,Master,120000
5.1,Bachelor,98905
18.8,Bachelor,114062
10.8,PhD,52597
,Bachelor,74618
9.3,PhD,95016
14.2,Master,40000
9.6,PhD,68500
3.4,Bachelor,113231
17.7,PhD,59808
9.1,Master,47827
,Master,92915
11.1,Master,117617
13.3,Master,110577
6.2,Master,120000
16.2,,105573
13.7,Bachelor,85782
13.4,Master,114977
9.0,PhD,70057
19.3,PhD,69527
6.2,Master,82633
12.0,PhD,111214
6.9,,110491
15.2,Master,75172
1.9,PhD,78929
1.9,Master,116733
16.4,PhD,55654
9.3,PhD,120000
7.5,PhD,75676
12.5,Master,66057
14.3,Bachelor,82989
4.8,Bachelor,79868
4.5,PhD,98501
,Bachelor,113622
12.2,Bachelor,84698
,Master,119211
16.2,Bachelor,99032
11.0,Bachelor,70189
5.6,Bachelor,79169
4.9,Bachelor,93822
,Bachelor,43861
17.3,Master,85704
2.2,Master,118037
5.2,Bachelor,95972
18.0,Bachelor,68280
3.3,Master,62943
13.0,Bachelor,71045
5.1,Master,84126
12.5,Master,70514
8.3,PhD,58292
2.9,PhD,71943
12.1,Master,95114
14.0,PhD,61242
13.9,Bachelor,49664
13.1,Bachelor,43143
10.5,Bachelor,60782
10.9,Master,56999
,Master,93922
,,88082
13.4,Bachelor,85918
12.2,Master,113971
4.0,PhD,80653
5.0,PhD,49427
5.9,Bachelor,64643
18.5,Bachelor,120000
15.4,Master,120000
11.5,PhD,60089
5.8,PhD,57834
3.1,PhD,76227
18.1,PhD,89909
18.0,Master,76176
3.1,Bachelor,80222
16.1,PhD,57011
9.5,Bachelor,55828
7.2,Master,95340
15.0,Master,117143
12.7,PhD,57019
15.8,PhD,101728
2.4,Master,76160
7.1,PhD,64549
,Master,106377
7.3,Bachelor,85552
10.5,Master,78116
